proposition_id,proposition,incidental_overlap,ordinary_coordination,intentional_role_division,black_zebra_compartment,present_signatures,missing_or_counter_signatures,independent_evidence_streams,revised_adjudication,confidence,change_from_v1
P01,"USAID as an interface among State, CIA, and DOD","Some same-country and same-policy overlap is incidental.","Routine State-USAID and civil-military coordination is documented.","Parts 1-2 document an AID-led interagency security architecture; Afghanistan and stabilization doctrine intentionally combine civilian and military roles; post-OPS State/AID/DOD roles are complementary. Direct post-OPS CIA-USAID allocation is not established.","OPS contained covered CIA personnel, a CIA proprietary, concealed training, and Police Group liaison.","NSAM role allocation; Engle; IPS; ICITAP/State/AID/DOJ split; Salvadoran DOD/AID split; Afghanistan integrated strategy.","No standing post-OPS document jointly assigning USAID, CIA, and DOD roles; no universal interface.","Parts 1-5 archival records; statutes; GAO; NDU/DOJ; QDDR/SIGAR/GAO Afghanistan.",HYBRID,HIGH,"Remains Hybrid, but deliberate Zebra architecture is now explicit rather than absorbed because no central commander exists."
P02,"Foreign assistance as an attribution and oversight mechanism","Account structure can create ordinary administrative distance and fragmented oversight.","Appropriations, statutory restrictions, congressional notification, and OIG review are normal accountability mechanisms.","Section 660's account boundary, AID-to-DOJ transfer, interagency funding, and contractor layers intentionally assign roles through civilian authorities toward broader foreign-policy objectives.","ZunZuneo used concealed sponsorship, offshore entities, and contractor distance; OPS used covered/proprietary mechanisms.","FAA funding boundary; GAO incomplete accounting; ZunZuneo concealment; Bosnia jurisdiction gaps; OIG oversight trail.","No government-wide instruction defining aid as a standard deniability vehicle; many programs were openly authorized and reviewed.","Statutes; GAO; USAID OIG/Senate; HRW/CID-derived record; Parts 1-2 CIA records.",HYBRID,HIGH,"Still Hybrid, now because ordinary oversight and deliberate attribution management both materially exist."
P03,"Deliberate division of funding, policy, and operations","The resulting wider effect was not merely incidental.","Agency competence explains why State handles diplomacy and Justice law enforcement.","AID funded, State guided policy, Justice operated, and host governments received; the institutional history describes a conscious compromise shaped by law, capacity, and OPS reputational risk.","No covert ICITAP compartment is documented.","Direct AID-to-DOJ transfer; State policy role; Justice operating role; separate recipient; later contractor implementation.","Founding agreement missing; no evidence of concealed master agency or false public purpose.","GAO; statutes; NDU history; DOJ milestones.",ZEBRA,VERY_HIGH,"Moved from Hybrid to Zebra because explicit complementary role allocation is itself the diagnostic signature."
P04,"Political influence through civil society","Some political effects of civic programs are incidental or inherent in participation work.","Overt democracy and transition programs normally seek political reform and network building.","OTI and democracy programs intentionally build civic, media, activist, and institutional capacity toward political-transition objectives; ZunZuneo intentionally built a politically useful audience.","ZunZuneo concealed sponsorship; Bangladesh's alleged destabilization language is unauthenticated.","OTI political mandate; ZunZuneo audience/segmentation plan; uncontested Bangladesh cultural outputs.","No broad grant-level map; no authenticated Bangladesh sentence; no proof of directed regime-change operations across civil society.","USAID OIG independent of interview; contested Bangladesh file not primary proof; interview is one lead stream.",HYBRID,MEDIUM,"Remains Hybrid, but overt deliberate political network-building now counts as Zebra evidence rather than only emergent strategic value."
P05,"Contractors and NGOs as intermediary layers","Much outsourcing reflects capacity, expertise, and local access.","Contracts and grants are normal implementation mechanisms.","Creative, DynCorp, and ICITAP contractors were intentionally assigned operational roles inside broader government programs; organizational distance and flexibility were functional features.","Creative's ZunZuneo structure used offshore entities and concealed sponsorship; no equivalent Black Zebra evidence applies to DynCorp generally.","Creative implementation; DynCorp's separate State/DOD roles; ICITAP contractor expansion; accountability fragmentation.","Incomplete contract/subaward chains; no basis for classifying every intermediary as a cutout.","USAID OIG; NDU; HRW/CID-derived record; DOJ.",HYBRID,HIGH,"Remains Hybrid because both ordinary outsourcing and deliberately attribution-sensitive intermediation are substantial."
P06,"Information generated by ostensibly civilian programs","Some information is an ordinary byproduct of monitoring, surveys, journalism, or subscriber management.","Agencies normally share relevant information under lawful coordination.","OPS/IPA deliberately routed participant information and assessments; ZunZuneo deliberately sought political-receptivity data; anti-corruption programs intentionally generate actionable public information.","OPS/IPS information access occurred inside covered/proprietary architecture; ZunZuneo concealed its sponsor while gathering audience data.","Trainee biographies/orientation assessments; Police Group liaison; ZunZuneo segmentation; journalism outcome metrics.","No general post-OPS civilian-to-intelligence pipeline; no documented intelligence customer for OCCRP; ZunZuneo data yield was weak.","Parts 1-2 CIA/OPS records; USAID OIG; media evidence remains largely one lead stream.",HYBRID,HIGH,"Remains Hybrid, now distinguishing intentional information production from proven intelligence dissemination."
P07,"Intelligence benefit without formal ownership","Some benefit can arise incidentally from publicly available or routine partner information.","Source deconfliction and liaison are ordinary intelligence-law-enforcement coordination.","CIA/DEA source registry, station-chief notification, regional centers, and OPS liaison intentionally allocate information roles around shared security objectives without requiring ownership.","TWO-FOLD and OPS/IPS contained covert recruitment, covered personnel, proprietaries, and concealed channels.","Formal source coordination; intelligence-community presence in narcotics centers; foreign liaison described as vital; historical participant routing.","No CIA ownership of ICITAP, ZunZuneo, ILEA, or the whole post-OPS network.","Declassified CIA records; Parts 1-2 and Part 5 archival streams; statutes/GAO contextual streams.",ZEBRA,VERY_HIGH,"Moved from Hybrid to Zebra; lack of ownership is compatible with deliberately networked statecraft."
P08,"Post-restriction functional migration","Continued demand alone explains some later similarity.","Congress openly created exceptions and agencies lawfully developed new programs.","Functions were intentionally reassigned through narcotics exceptions, AID-to-DOJ funding, new agency homes, post-conflict authority, personnel bridges, and contractors after OPS became unavailable.","TWO-FOLD's selective foreign continuation and earlier Laos handoff contain covert/covered elements; ICITAP migration itself was overt.","OPS closure; statutory exceptions; ICITAP handoff; Kriskovich; 125-country aggregate; explicit OPS-to-DEA Laos transition.","No en bloc successor; no complete alumni trail; no single design document for the entire ecosystem.","Statutes; GAO 1976/1992; NDU/DOJ; Parts 1-5 archival records.",ZEBRA,VERY_HIGH,"Moved from Hybrid to Zebra because deliberate reassignment, not central command, is the decisive fact."
P09,"ZunZuneo","Commercial audience-building and public diplomacy explain some tactics.","USAID/OTI normally conducts political-transition and closed-society programming.","OTI, Creative, grant vehicles, offshore structures, content acquisition, and audience segmentation were intentionally combined to produce a political-influence capability.","Concealed U.S. sponsorship, offshore shell structure, indirect ownership, and attribution management satisfy Black Zebra signatures even without a legal covert-action finding.","Task order; twelve grants; MovilChat/Cayman structure; concealed sponsor; acquired numbers; political-receptivity plans; smart-mob brainstorming.","No CIA tasking; broad congressional notification; no fraud finding; little useful profiling; no executed smart mobs shown.","USAID OIG; Senate hearing partially shares underlying record; interview adds no independent proof.",BLACK_ZEBRA,HIGH,"Moved from Hybrid to Black Zebra; analytical concealment criteria are met even though OIG did not make a formal covert-action determination."
P10,"ICITAP","Legitimate investigative and post-conflict demand explains the program's public mission.","New law and agency competence explain much of its design.","Congressional authority, AID money, State policy, Justice operations, FBI personnel, recipient governments, and later contractors were intentionally assembled around a common police-development objective.","No Black Zebra compartment is documented for ICITAP.","AID transfer; State guidance; DOJ operation; Kriskovich; management/academy/post-conflict expansion.","Institutionally new and initially narrower; no OPS corporate succession; no CIA tasking; missing founding agreement.","GAO; statutes; NDU; DOJ.",ZEBRA,VERY_HIGH,"Moved from Hybrid to Zebra; overt and legitimate deliberately networked statecraft still qualifies."
P11,"CIA/DEA coordination","Real narcotics threats and lawful liaison explain ordinary cooperation.","Routine source coordination and intelligence support are documented.","CIA and BNDD/DEA intentionally divided recruitment, training, collection, liaison, and law-enforcement roles around foreign narcotics objectives.","TWO-FOLD used covert recruitment and proprietary cover; covered agents and selective secret continuation satisfy Black Zebra criteria.","CIA training; TWO-FOLD; seven-officer transfer; source registry; station-chief notification; intelligence centers; prosecution/secrecy conflict.","Roster missing; later programs not proven TWO-FOLD continuations; no CIA ownership of DEA as a whole.","CIA/Rockefeller records; separate CIA personnel/training records; 1976 CCPC study; statutory stream.",BLACK_ZEBRA,VERY_HIGH,"Moved from Hybrid to Black Zebra for the proven covert compartment; wider CIA-DEA relationship remains Zebra."
P12,"Afghanistan","Policy failure, conflicting goals, and one shared theater explain some overlap.","Interagency counterinsurgency and stabilization planning is ordinary wartime coordination.","USAID development, DOD security, State policy, counternarcotics, PRTs, and alternative livelihoods were deliberately assembled as a combined counterinsurgency/stabilization toolkit.","No Black Zebra compartment is established in the retained Afghanistan evidence.","Strategy explicitly aligned counternarcotics with counterinsurgency; eradication de-emphasized; DOD role expanded; PRT/civil-military doctrine; large alternative-development portfolio.","No intent to sustain heroin; no CIA tasking; serious incoherence and poor understanding show that not every effect was orchestrated.","GAO; SIGAR; QDDR; military doctrine; USIP secondary stream.",ZEBRA,HIGH,"Moved from Hybrid to Zebra; explicit integrated strategy outweighs the absence of central control, while failures remain emergent."
P13,"Media and anti-corruption networks","Independent journalism and normal downstream consequences may explain the observed outcomes.","Funders may coordinate normally around anticorruption and rule-of-law goals.","A Zebra finding would require award terms, approval rights, target selection, prosecutor links, or country strategies assigning journalism a strategic role; current corpus only hints at this through outcome metrics.","No covert funding, cutout, or false-attribution evidence is authenticated in the retained corpus.","Reported USAID outcome metrics; OCCRP's production of politically consequential information; identifiable funding lead.","Underlying factsheet blocked; no contract terms, editorial direction, targeting evidence, or complete funding chain.","Interview and its summary of the factsheet are one stream; no second primary operational stream.",UNRESOLVED,LOW,"Moved from Horse/Hybrid-open to Unresolved because the corrected Zebra test requires role-allocation evidence that has not yet been acquired."
P14,"Domestic bleedback","Cross-border reporting, shared organizations, and separate domestic work can create incidental spillover.","Smith-Mundt and ordinary legal changes may alter access without directing domestic operations.","A Zebra finding would require deliberate reuse of foreign-funded capacity, methods, personnel, data, or organizations for a domestic strategic objective.","No secret tasking, false attribution, or covert domestic compartment is documented.","Plausible pathways; foreign reporting can enter U.S. proceedings; organizations may work in both domains; institutional subsidy is possible.","No traced award-to-domestic flow; no tasking; no common target list; no verified shared deployment or causal chain.","Interview lead plus statutory context only; organizational proximity is not independent evidence.",HORSE,MEDIUM,"Remains Horse on current evidence; corrected definitions do not supply missing deliberate-role evidence."
P15,"Historical precedents from Parts 1-5","Cold War agencies also had ordinary security and development missions.","Interagency planning around internal defense and narcotics was an accepted form of coordination.","NSAMs intentionally allocated overt AID, military, diplomatic, and separately recognized covert roles around internal-defense objectives; later narcotics architecture deliberately divided CIA and law-enforcement functions.","Engle's cover, IPS proprietary status, concealed follow-on training, Police Group liaison, TWO-FOLD recruitment, and proprietary cover satisfy Black Zebra signatures.","NSAM role allocation; covered OPS leadership; IPS; trainee routing; TWO-FOLD; selective foreign continuation; Laos OPS-to-DEA handoff.","No seamless OPS-to-modern NGO lineage; later programs require independent proof; public purposes were not necessarily false.","Multiple independent primary streams: NSAM/State/AID, CIA personnel/proprietary, country records, statutes, GAO, Rockefeller/TWO-FOLD.",BLACK_ZEBRA,VERY_HIGH,"Moved from Hybrid to Black Zebra for the documented covert compartments inside a wider Zebra architecture."
