source_id,relative_path,review_status,reviewed_on,relevance,document_type,date,author_sender,recipient,primary_secondary,key_people,key_organizations,key_findings,limitations_ocr,follow_up
P5-0001,7 John Does Brief_djvu.txt,REVIEWED,2026-09-26,HIGH,administrative litigation record,,,,,,,,,
P5-0002,7 John Does Decision_djvu.txt,REVIEWED,2026-09-26,HIGH,administrative litigation record,,,,,,,,,
P5-0003,Apalachin Wessel/Wessel @ A-C_djvu.txt,REVIEWED,2026-09-26,CONTEXT,government prosecution evidence summary,,,,,,,,,
P5-0004,Apalachin Wessel/Wessel @ D-K_djvu.txt,REVIEWED,2026-09-26,CONTEXT,government legal/prosecution memorandum,,,,,,,,,
P5-0005,Apalachin Wessel/Wessel memo_djvu.txt,REVIEWED,2026-09-26,CONTEXT,government legal/prosecution memorandum,,,,,,,,,
P5-0006,Benjamin_djvu.txt,REVIEWED,2026-09-26,MEDIUM,FBN investigative reports,,,,,,,,,
P5-0007,Bolten WH Exit Interview_djvu.txt,REVIEWED,2026-09-26,HIGH,White House oral history,,,,,,,,,
P5-0008,CCS Files Conein et al_djvu.txt,REVIEWED,2026-09-26,HIGH,CIA/DEA internal record,,,,,,,,,
P5-0009,CIA in DEA Corson_djvu.txt,REVIEWED,2026-09-26,HIGH,CIA/DEA internal record,,,,,,,,,
P5-0010,CIA in DEA internal_djvu.txt,REVIEWED,2026-09-26,HIGH,CIA/DEA internal record,,,,,,,,,
P5-0011,Compton Boyd/Boyd DEA Corruption 77-78_djvu.txt,REVIEWED,2026-09-26,MEDIUM,DOJ/DEA oversight and witness record,,,,,,,,,
P5-0012,Compton Boyd/Compton Affidavit_djvu.txt,REVIEWED,2026-09-26,MEDIUM,DOJ/DEA oversight and witness record,,,,,,,,,
P5-0013,Copeland_djvu.txt,REVIEWED,2026-09-26,LOW,mixed FBI/secondary conspiracy corpus,,,,,,,,,
P5-0014,Cusack China memo_djvu.txt,REVIEWED,2026-09-26,CONTEXT,FBN overseas investigative report,,,,,,,,,
P5-0015,documents re hoods/Castellani-Brown_djvu.txt,DUPLICATE_REVIEWED,2026-09-26,MEDIUM,exact duplicate of P5-0006,,,,,,,,,
P5-0016,documents re hoods/Douheret Schrier/August 19 1968 Douheret Interview_djvu.txt,REVIEWED,2026-09-26,CONTEXT,FBN/FBI organized-crime or narcotics case record,,,,,,,,,
P5-0017,documents re hoods/Douheret Schrier/August 8 1968 Douheret Interview_djvu.txt,REVIEWED,2026-09-26,CONTEXT,FBN/FBI organized-crime or narcotics case record,,,,,,,,,
P5-0018,documents re hoods/Lansky_djvu.txt,REVIEWED,2026-09-26,CONTEXT,FBN/FBI organized-crime or narcotics case record,,,,,,,,,
P5-0019,documents re hoods/Lombardozzi_djvu.txt,REVIEWED,2026-09-26,CONTEXT,FBN/FBI organized-crime or narcotics case record,,,,,,,,,
P5-0020,documents re hoods/Luciano scans/arrest_djvu.txt,REVIEWED,2026-09-26,CONTEXT,FBN/FBI organized-crime or narcotics case record,,,,,,,,,
P5-0021,documents re hoods/Luciano scans/FBI Lucky_djvu.txt,DUPLICATE_REVIEWED,2026-09-26,CONTEXT,exact duplicate in FBN case cluster,,,,,,,,,
P5-0022,documents re hoods/Luciano scans/July 47 Olivera_djvu.txt,REVIEWED,2026-09-26,CONTEXT,FBN/FBI organized-crime or narcotics case record,,,,,,,,,
P5-0023,documents re hoods/Luciano scans/Kefauver_djvu.txt,REVIEWED,2026-09-26,CONTEXT,FBN/FBI organized-crime or narcotics case record,,,,,,,,,
P5-0024,documents re hoods/Luciano scans/Manfredi Lucky 1947_djvu.txt,REVIEWED,2026-09-26,CONTEXT,FBN/FBI organized-crime or narcotics case record,,,,,,,,,
P5-0025,documents re hoods/Luciano scans/Manfredi_djvu.txt,DUPLICATE_REVIEWED,2026-09-26,CONTEXT,exact duplicate in FBN case cluster,,,,,,,,,
P5-0026,documents re hoods/Luciano scans/Morrison_djvu.txt,REVIEWED,2026-09-26,CONTEXT,FBN/FBI organized-crime or narcotics case record,,,,,,,,,
P5-0027,documents re hoods/Luciano scans/Olivera Feb 47_djvu.txt,REVIEWED,2026-09-26,CONTEXT,FBN/FBI organized-crime or narcotics case record,,,,,,,,,
P5-0028,documents re hoods/Luciano scans/Olivera re Luciano_djvu.txt,REVIEWED,2026-09-26,CONTEXT,FBN/FBI organized-crime or narcotics case record,,,,,,,,,
P5-0029,documents re hoods/Luciano scans/Siragusa to HJA May 51 (2)_djvu.txt,REVIEWED,2026-09-26,CONTEXT,FBN/FBI organized-crime or narcotics case record,,,,,,,,,
P5-0030,documents re hoods/Luciano scans/Siragusa to HJA May 51_djvu.txt,DUPLICATE_REVIEWED,2026-09-26,CONTEXT,exact duplicate in FBN case cluster,,,,,,,,,
P5-0031,documents re hoods/Luciano scans/White 1951 Lucky_djvu.txt,DUPLICATE_REVIEWED,2026-09-26,CONTEXT,exact duplicate in FBN case cluster,,,,,,,,,
P5-0032,documents re hoods/Luciano scans/Williams March 47_djvu.txt,REVIEWED,2026-09-26,CONTEXT,FBN/FBI organized-crime or narcotics case record,,,,,,,,,
P5-0033,documents re hoods/Nagelberg/nagelberg-ghode_djvu.txt,REVIEWED,2026-09-26,CONTEXT,FBN/FBI organized-crime or narcotics case record,,,,,,,,,
P5-0034,documents re hoods/Nebbia Schrier/August 19 1968 Nebbia Interview_djvu.txt,REVIEWED,2026-09-26,CONTEXT,FBN/FBI organized-crime or narcotics case record,,,,,,,,,
P5-0035,documents re hoods/Nebbia Schrier/August 7 1968 Nebbia Interview_djvu.txt,REVIEWED,2026-09-26,CONTEXT,FBN/FBI organized-crime or narcotics case record,,,,,,,,,
P5-0036,documents re hoods/Zicarelli_djvu.txt,REVIEWED,2026-09-26,CONTEXT,FBN/FBI organized-crime or narcotics case record,,,,,,,,,
P5-0037,FBN rosters.doc/1955 roster 1_djvu.txt,REVIEWED,2026-09-26,HIGH,FBN/BNDD personnel or office roster,,,,,,,,,
P5-0038,FBN rosters.doc/1955 roster 2_djvu.txt,REVIEWED,2026-09-26,HIGH,FBN/BNDD personnel or office roster,,,,,,,,,
P5-0039,FBN rosters.doc/Baltimore 1969_djvu.txt,REVIEWED,2026-09-26,HIGH,FBN/BNDD personnel or office roster,,,,,,,,,
P5-0040,FBN rosters.doc/Baltimore feb 69_djvu.txt,REVIEWED,2026-09-26,HIGH,FBN/BNDD personnel or office roster,,,,,,,,,
P5-0041,FBN rosters.doc/Baltimore Jan 68_djvu.txt,REVIEWED,2026-09-26,HIGH,FBN/BNDD personnel or office roster,,,,,,,,,
P5-0042,FBN rosters.doc/BDAC Baltimore 67_djvu.txt,REVIEWED,2026-09-26,HIGH,FBN/BNDD personnel or office roster,,,,,,,,,
P5-0043,FBN rosters.doc/BNDD Baltimore 69_djvu.txt,REVIEWED,2026-09-26,HIGH,FBN/BNDD personnel or office roster,,,,,,,,,
P5-0044,FBN rosters.doc/DEA offices.doc/Atlanta April 68 (2)_djvu.txt,REVIEWED,2026-09-26,HIGH,FBN/BNDD personnel or office roster,,,,,,,,,
P5-0045,FBN rosters.doc/DEA offices.doc/Atlanta April 68_djvu.txt,DUPLICATE_REVIEWED,2026-09-26,HIGH,exact duplicate FBN/BNDD roster,,,,,,,,,
P5-0046,FBN rosters.doc/DEA offices.doc/Detroit 1970 (2)_djvu.txt,REVIEWED,2026-09-26,HIGH,FBN/BNDD personnel or office roster,,,,,,,,,
P5-0047,FBN rosters.doc/DEA offices.doc/Detroit 1970_djvu.txt,DUPLICATE_REVIEWED,2026-09-26,HIGH,exact duplicate FBN/BNDD roster,,,,,,,,,
P5-0048,FBN rosters.doc/DEA offices.doc/District 6 April 68 (2)_djvu.txt,REVIEWED,2026-09-26,HIGH,FBN/BNDD personnel or office roster,,,,,,,,,
P5-0049,FBN rosters.doc/DEA offices.doc/District 6 April 68_djvu.txt,DUPLICATE_REVIEWED,2026-09-26,HIGH,exact duplicate FBN/BNDD roster,,,,,,,,,
P5-0050,FBN rosters.doc/DEA offices.doc/July 72 Mexico (2)_djvu.txt,REVIEWED,2026-09-26,HIGH,FBN/BNDD personnel or office roster,,,,,,,,,
P5-0051,FBN rosters.doc/DEA offices.doc/July 72 Mexico_djvu.txt,DUPLICATE_REVIEWED,2026-09-26,HIGH,exact duplicate FBN/BNDD roster,,,,,,,,,
P5-0052,FBN rosters.doc/DEA offices.doc/Miami April 1968 (2)_djvu.txt,REVIEWED,2026-09-26,HIGH,FBN/BNDD personnel or office roster,,,,,,,,,
P5-0053,FBN rosters.doc/DEA offices.doc/Miami April 1968_djvu.txt,DUPLICATE_REVIEWED,2026-09-26,HIGH,exact duplicate FBN/BNDD roster,,,,,,,,,
P5-0054,FBN rosters.doc/DEA offices.doc/New York Jan 69 (2)_djvu.txt,REVIEWED,2026-09-26,HIGH,FBN/BNDD personnel or office roster,,,,,,,,,
P5-0055,FBN rosters.doc/DEA offices.doc/New York Jan 69_djvu.txt,DUPLICATE_REVIEWED,2026-09-26,HIGH,exact duplicate FBN/BNDD roster,,,,,,,,,
P5-0056,FBN rosters.doc/Detroit 1959 Bureau of Narcotics roster (2)_djvu.txt,REVIEWED,2026-09-26,HIGH,FBN/BNDD personnel or office roster,,,,,,,,,
P5-0057,FBN rosters.doc/Detroit 1959 Bureau of Narcotics roster_djvu.txt,DUPLICATE_REVIEWED,2026-09-26,HIGH,exact duplicate FBN/BNDD roster,,,,,,,,,
P5-0058,FBN rosters.doc/District  6 Oct 63 (2)_djvu.txt,REVIEWED,2026-09-26,HIGH,FBN/BNDD personnel or office roster,,,,,,,,,
P5-0059,FBN rosters.doc/District  6 Oct 63_djvu.txt,DUPLICATE_REVIEWED,2026-09-26,HIGH,exact duplicate FBN/BNDD roster,,,,,,,,,
P5-0060,FBN rosters.doc/District 14 Sep 65_djvu.txt,REVIEWED,2026-09-26,HIGH,FBN/BNDD personnel or office roster,,,,,,,,,
P5-0061,FBN rosters.doc/District 6 Jan 55_djvu.txt,REVIEWED,2026-09-26,HIGH,FBN/BNDD personnel or office roster,,,,,,,,,
P5-0062,FBN rosters.doc/District 8 1943_djvu.txt,REVIEWED,2026-09-26,HIGH,FBN/BNDD personnel or office roster,,,,,,,,,
P5-0063,FBN rosters.doc/District 8 Nov 47_djvu.txt,REVIEWED,2026-09-26,HIGH,FBN/BNDD personnel or office roster,,,,,,,,,
P5-0064,FBN rosters.doc/Field Org FBN 66_djvu.txt,REVIEWED,2026-09-26,HIGH,FBN/BNDD personnel or office roster,,,,,,,,,
P5-0065,FBN rosters.doc/Jan 65 FBN_djvu.txt,REVIEWED,2026-09-26,HIGH,FBN/BNDD personnel or office roster,,,,,,,,,
P5-0066,FBN rosters.doc/more rosters/March 1966 1_djvu.txt,REVIEWED,2026-09-26,HIGH,FBN/BNDD personnel or office roster,,,,,,,,,
P5-0067,FBN rosters.doc/more rosters/March 1966 2_djvu.txt,REVIEWED,2026-09-26,HIGH,FBN/BNDD personnel or office roster,,,,,,,,,
P5-0068,FBN rosters.doc/New York March 1966 p 2_djvu.txt,REVIEWED,2026-09-26,HIGH,FBN/BNDD personnel or office roster,,,,,,,,,
P5-0069,FBN rosters.doc/New York rosters/1 New York Jan 55_djvu.txt,REVIEWED,2026-09-26,HIGH,FBN/BNDD personnel or office roster,,,,,,,,,
P5-0070,FBN rosters.doc/New York rosters/2 New York Oct 1955_djvu.txt,REVIEWED,2026-09-26,HIGH,FBN/BNDD personnel or office roster,,,,,,,,,
P5-0071,FBN rosters.doc/New York rosters/2a New York sept 1955_djvu.txt,REVIEWED,2026-09-26,HIGH,FBN/BNDD personnel or office roster,,,,,,,,,
P5-0072,FBN rosters.doc/New York rosters/3 New York Jan 58_djvu.txt,REVIEWED,2026-09-26,HIGH,FBN/BNDD personnel or office roster,,,,,,,,,
P5-0073,FBN rosters.doc/New York rosters/4 New York Oct 58_djvu.txt,REVIEWED,2026-09-26,HIGH,FBN/BNDD personnel or office roster,,,,,,,,,
P5-0074,FBN rosters.doc/New York rosters/5 New York Sept 1959 NY_djvu.txt,REVIEWED,2026-09-26,HIGH,FBN/BNDD personnel or office roster,,,,,,,,,
P5-0075,FBN rosters.doc/New York rosters/6 New York Sept 1959 Page 2_djvu.txt,REVIEWED,2026-09-26,HIGH,FBN/BNDD personnel or office roster,,,,,,,,,
P5-0076,FBN rosters.doc/New York rosters/7 New York Oct 1960_djvu.txt,REVIEWED,2026-09-26,HIGH,FBN/BNDD personnel or office roster,,,,,,,,,
P5-0077,FBN rosters.doc/New York rosters/8 New York  Oct 1960 p 2_djvu.txt,REVIEWED,2026-09-26,HIGH,FBN/BNDD personnel or office roster,,,,,,,,,
P5-0078,FBN rosters.doc/New York rosters/91 New York July 63_djvu.txt,REVIEWED,2026-09-26,HIGH,FBN/BNDD personnel or office roster,,,,,,,,,
P5-0079,FBN rosters.doc/New York rosters/92 New York Jan 66_djvu.txt,REVIEWED,2026-09-26,HIGH,FBN/BNDD personnel or office roster,,,,,,,,,
P5-0080,FBN rosters.doc/New York rosters/9a New York Jan 1962_djvu.txt,REVIEWED,2026-09-26,HIGH,FBN/BNDD personnel or office roster,,,,,,,,,
P5-0081,FBN rosters.doc/New York rosters/9b New York Jan 1962 p 2_djvu.txt,REVIEWED,2026-09-26,HIGH,FBN/BNDD personnel or office roster,,,,,,,,,
P5-0082,FBN rosters.doc/New York rosters/New York March 1966 p 2_djvu.txt,REVIEWED,2026-09-26,HIGH,FBN/BNDD personnel or office roster,,,,,,,,,
P5-0083,FBN rosters.doc/New York rosters/New York March 1966_djvu.txt,REVIEWED,2026-09-26,HIGH,FBN/BNDD personnel or office roster,,,,,,,,,
P5-0084,FBN rosters.doc/New York under Gaffney_djvu.txt,REVIEWED,2026-09-26,HIGH,FBN/BNDD personnel or office roster,,,,,,,,,
P5-0085,FBN rosters.doc/New YYork Oct 63_djvu.txt,REVIEWED,2026-09-26,HIGH,FBN/BNDD personnel or office roster,,,,,,,,,
P5-0086,FBN rosters.doc/Rome Oct 1960_djvu.txt,REVIEWED,2026-09-26,HIGH,FBN/BNDD personnel or office roster,,,,,,,,,
P5-0087,georges Bayon_djvu.txt,REVIEWED,2026-09-26,context-to-high,primary operational records / attributed informant narrative,,,,,,,,,
P5-0088,Habib memos in pdf.doc/Habib 14 Dec 1966_djvu.txt,REVIEWED,2026-09-26,context-to-high,primary operational records / attributed informant narrative,,,,,,,,,
P5-0089,Habib memos in pdf.doc/Habib 16 Nov 1966_djvu.txt,REVIEWED,2026-09-26,context-to-high,primary operational records / attributed informant narrative,,,,,,,,,
P5-0090,Habib memos in pdf.doc/Habib 16 Sept 1966 Lucide CIA_djvu.txt,REVIEWED,2026-09-26,context-to-high,primary operational records / attributed informant narrative,,,,,,,,,
P5-0091,Habib memos in pdf.doc/Habib 17 Nov 1966_djvu.txt,REVIEWED,2026-09-26,context-to-high,primary operational records / attributed informant narrative,,,,,,,,,
P5-0092,Habib memos in pdf.doc/Habib 2 Sept 1966 Tran Ngor An_djvu.txt,REVIEWED,2026-09-26,context-to-high,primary operational records / attributed informant narrative,,,,,,,,,
P5-0093,Habib memos in pdf.doc/Habib 20 July 1966 500 pound op_djvu.txt,REVIEWED,2026-09-26,context-to-high,primary operational records / attributed informant narrative,,,,,,,,,
P5-0094,Habib memos in pdf.doc/Habib 26 Sept 1966_djvu.txt,REVIEWED,2026-09-26,context-to-high,primary operational records / attributed informant narrative,,,,,,,,,
P5-0095,Habib memos in pdf.doc/Habib 27 Jan 1966 Sullivan_djvu.txt,REVIEWED,2026-09-26,context-to-high,primary operational records / attributed informant narrative,,,,,,,,,
P5-0096,Habib memos in pdf.doc/Habib 28 July 1966 Waring OSI_djvu.txt,REVIEWED,2026-09-26,context-to-high,primary operational records / attributed informant narrative,,,,,,,,,
P5-0097,Habib memos in pdf.doc/Habib 29 Sept 1966_djvu.txt,REVIEWED,2026-09-26,context-to-high,primary operational records / attributed informant narrative,,,,,,,,,
P5-0098,Habib memos in pdf.doc/Habib 3 Jan 1966 Lilley_djvu.txt,REVIEWED,2026-09-26,context-to-high,primary operational records / attributed informant narrative,,,,,,,,,
P5-0099,Habib memos in pdf.doc/Habib 5 Aug 1966 Jantzen_djvu.txt,REVIEWED,2026-09-26,context-to-high,primary operational records / attributed informant narrative,,,,,,,,,
P5-0100,Habib memos in pdf.doc/Habib 5 Oct 1966_djvu.txt,REVIEWED,2026-09-26,context-to-high,primary operational records / attributed informant narrative,,,,,,,,,
P5-0101,Habib memos in pdf.doc/Habib Rouzic 15 May 1971 memo_djvu.txt,REVIEWED,2026-09-26,context-to-high,primary operational records / attributed informant narrative,,,,,,,,,
P5-0102,Knight re Khoury Blemant 59 (2)_djvu.txt,REVIEWED,2026-09-26,context-to-high,primary operational records / attributed informant narrative,,,,,,,,,
P5-0103,MKULTRA pdfs/24 March 69 meeting with BNDD_djvu.txt,REVIEWED,2026-09-26,context-to-critical,primary official records / one secondary web item,,,,,,,,,
P5-0104,MKULTRA pdfs/Califano to Turner Jun 79_djvu.txt,REVIEWED,2026-09-26,context-to-critical,primary official records / one secondary web item,,,,,,,,,
P5-0105,MKULTRA pdfs/CCS Files Conein 28 Dec 77_djvu.txt,REVIEWED,2026-09-26,context-to-critical,primary official records / one secondary web item,,,,,,,,,
P5-0106,MKULTRA pdfs/CIA to Bensinger notifying victims_djvu.txt,REVIEWED,2026-09-26,context-to-critical,primary official records / one secondary web item,,,,,,,,,
P5-0107,MKULTRA pdfs/DEA MKULTRA FOIA_djvu.txt,REVIEWED,2026-09-26,context-to-critical,primary official records / one secondary web item,,,,,,,,,
P5-0108,MKULTRA pdfs/Gottlieb 1967 memo_djvu.txt,REVIEWED,2026-09-26,context-to-critical,primary official records / one secondary web item,,,,,,,,,
P5-0109,MKULTRA pdfs/Hammond to AG 24 Jan 79_djvu.txt,REVIEWED,2026-09-26,context-to-critical,primary official records / one secondary web item,,,,,,,,,
P5-0110,MKULTRA pdfs/Helms unwitting testing Dec 63_djvu.txt,REVIEWED,2026-09-26,context-to-critical,primary official records / one secondary web item,,,,,,,,,
P5-0111,MKULTRA pdfs/Helms unwitting undated_djvu.txt,REVIEWED,2026-09-26,context-to-critical,primary official records / one secondary web item,,,,,,,,,
P5-0112,MKULTRA pdfs/HES Perry to Wiltse re Panaeolus June 79_djvu.txt,REVIEWED,2026-09-26,context-to-critical,primary official records / one secondary web item,,,,,,,,,
P5-0113,MKULTRA pdfs/Lansdale-memo 16 March 62_djvu.txt,REVIEWED,2026-09-26,context-to-critical,primary official records / one secondary web item,,,,,,,,,
P5-0114,MKULTRA pdfs/Lapham as AG to CIA July  78_djvu.txt,REVIEWED,2026-09-26,context-to-critical,primary official records / one secondary web item,,,,,,,,,
P5-0115,MKULTRA pdfs/Laubinger to Wiltse to DDA 9 March 79_djvu.txt,REVIEWED,2026-09-26,context-to-critical,primary official records / one secondary web item,,,,,,,,,
P5-0116,MKULTRA pdfs/Mertz re Siragusa_djvu.txt,REVIEWED,2026-09-26,context-to-critical,primary official records / one secondary web item,,,,,,,,,
P5-0117,MKULTRA pdfs/Michie memo 24 March 77_djvu.txt,REVIEWED,2026-09-26,context-to-critical,primary official records / one secondary web item,,,,,,,,,
P5-0118,MKULTRA pdfs/MKULTRA old files/MKULTRA folder.doc/Hammond Victims_djvu.txt,REVIEWED,2026-09-26,context-to-critical,primary official records / one secondary web item,,,,,,,,,
P5-0119,MKULTRA pdfs/MKULTRA old files/MKULTRA folder.doc/Victims Task Force_djvu.txt,REVIEWED,2026-09-26,context-to-critical,primary official records / one secondary web item,,,,,,,,,
P5-0120,MKULTRA pdfs/Salmi memo MKULTRA 27 Feb 79_djvu.txt,DUPLICATE_REVIEWED,2026-09-26,critical,exact duplicate of P5-0119,,,,,,,,,
P5-0121,MKULTRA pdfs/Salmi to file 27 Feb 79_djvu.txt,REVIEWED,2026-09-26,context-to-critical,primary official records / one secondary web item,,,,,,,,,
P5-0122,MKULTRA pdfs/Salmi to file 7 May 79_djvu.txt,REVIEWED,2026-09-26,context-to-critical,primary official records / one secondary web item,,,,,,,,,
P5-0123,MKULTRA pdfs/Turner to Bell 6 July 79_djvu.txt,REVIEWED,2026-09-26,context-to-critical,primary official records / one secondary web item,,,,,,,,,
P5-0124,MKULTRA pdfs/Turner to Bensinger 6 July 79_djvu.txt,REVIEWED,2026-09-26,context-to-critical,primary official records / one secondary web item,,,,,,,,,
P5-0125,MKULTRA pdfs/Turner to Califano Jan 79_djvu.txt,REVIEWED,2026-09-26,context-to-critical,primary official records / one secondary web item,,,,,,,,,
P5-0126,Olivera Chile-CIA sept 51 (2)_djvu.txt,REVIEWED,2026-09-26,context-to-critical,primary official records / one secondary web item,,,,,,,,,
P5-0127,Pahlevi Iran.doc/Garland Williams 1959_djvu.txt,REVIEWED,2026-09-26,context-to-high,primary policy/case records,,,,,,,,,
P5-0128,Pahlevi Iran.doc/Iran 1955_djvu.txt,REVIEWED,2026-09-26,context-to-high,primary policy/case records,,,,,,,,,
P5-0129,Pahlevi Iran.doc/Pahlevi 1-12-53_djvu.txt,REVIEWED,2026-09-26,context-to-high,primary policy/case records,,,,,,,,,
P5-0130,Pahlevi Iran.doc/Pahlevi 6-12-53_djvu.txt,REVIEWED,2026-09-26,context-to-high,primary policy/case records,,,,,,,,,
P5-0131,Pahlevi Iran.doc/Pahlevi 7-23-53_djvu.txt,REVIEWED,2026-09-26,context-to-high,primary policy/case records,,,,,,,,,
P5-0132,Pahlevi Iran.doc/Pahlevi thru Dec 53_djvu.txt,REVIEWED,2026-09-26,context-to-high,primary policy/case records,,,,,,,,,
P5-0133,Pahlevi Iran.doc/Pahlevi-Iran 54_djvu.txt,REVIEWED,2026-09-26,context-to-high,primary policy/case records,,,,,,,,,
P5-0134,Pahlevi Iran.doc/Siragusa to HJA re Pahlevi Feb 54_djvu.txt,REVIEWED,2026-09-26,context-to-high,primary policy/case records,,,,,,,,,
P5-0135,Pohl/August 19 1968 Douheret Interview_djvu.txt,DUPLICATE_REVIEWED,2026-09-26,context,duplicate/recurring prisoner interviews,,,,,,,,,
P5-0136,Pohl/August 19 1968 Nebbia Interview_djvu.txt,DUPLICATE_REVIEWED,2026-09-26,context,duplicate/recurring prisoner interviews,,,,,,,,,
P5-0137,Pohl/August 7 1968 Nebbia Interview_djvu.txt,DUPLICATE_REVIEWED,2026-09-26,context,duplicate/recurring prisoner interviews,,,,,,,,,
P5-0138,Pohl/August 8 1968 Douheret Interview_djvu.txt,DUPLICATE_REVIEWED,2026-09-26,context,duplicate/recurring prisoner interviews,,,,,,,,,
P5-0139,Pohl/August 8 1968 Luccarotti Interview_djvu.txt,REVIEWED,2026-09-26,context-to-high,primary policy/case records,,,,,,,,,
P5-0140,Strength of the wolf.htm,REVIEWED,2026-09-26,context-to-critical,primary records / secondary books,,,,,,,,,
P5-0141,Strickler Casey CIA doc.doc/casey1_djvu.txt,REVIEWED,2026-09-26,context-to-critical,primary records / secondary books,,,,,,,,,
P5-0142,Strickler Casey CIA doc.doc/Strickler CIA_djvu.txt,REVIEWED,2026-09-26,context-to-critical,primary records / secondary books,,,,,,,,,
P5-0143,Talent to HJA Nov 46 Chinese in Mexico_djvu.txt,REVIEWED,2026-09-26,context-to-critical,primary records / secondary books,,,,,,,,,
P5-0144,The CIA as Organized Crime _ How Illegal Operations Corrupt America and the World_djvu.txt,REVIEWED,2026-09-26,context-to-critical,primary records / secondary books,,,,,,,,,
P5-0145,The CIA as Organized Crime _ How Illegal Operations Corrupt_djvu.txt,DUPLICATE_REVIEWED,2026-09-26,context-to-high,exact normalized duplicate,,,,,,,,,
P5-0146,"The Strength of the Pack_ The Personalities, Politics and Espionage Intrigues That Shaped the DEA_djvu.htm",REVIEWED,2026-09-26,context-to-critical,primary records / secondary books,,,,,,,,,
P5-0147,Tony Triponi memos 74_djvu.txt,REVIEWED,2026-09-26,context-to-critical,primary records / secondary books,,,,,,,,,
P5-0148,Water gate.doc/colson memos cia bennett and woodward3_djvu.txt,OCR_BLOCKED,2026-09-26,unknown,blank/unusable OCR extract,,,,,,,,,
P5-0149,Water gate.doc/dean_and_krogh_relationship1[1]_djvu.txt,REVIEWED,2026-09-26,context-to-critical,primary records / secondary books,,,,,,,,,
P5-0150,Water gate.doc/dean_out_of_country1[1]_djvu.txt,REVIEWED,2026-09-26,context-to-critical,primary records / secondary books,,,,,,,,,
P5-0151,Water gate.doc/john_dean_resume[1]_djvu.txt,REVIEWED,2026-09-26,context-to-critical,primary records / secondary books,,,,,,,,,
P5-0152,Water gate.doc/land_reform_and_colson[1]_djvu.txt,REVIEWED,2026-09-26,context-to-critical,primary records / secondary books,,,,,,,,,
P5-0153,Water gate.doc/missing_krogh_files[1]_djvu.txt,REVIEWED,2026-09-26,context-to-critical,primary records / secondary books,,,,,,,,,
P5-0154,william specter_djvu.txt,REVIEWED,2026-09-26,context-to-critical,primary records / secondary books,,,,,,,,,
P5-0155,Williams/Garland Williams 1959_djvu.txt,DUPLICATE_REVIEWED,2026-09-26,context-to-high,exact normalized duplicate,,,,,,,,,
