source_id,relative_path,extension,bytes,sha256,normalized_sha256,exact_duplicate_group,normalized_duplicate_group,characters,words,lines,years,normalized_path,two_fold,cia,federal_bureau_narcotics,bndd,dea,usaid_aid,ops,ipa,mkultra,internal_security,covert,narcotics,intelligence,recruit,corson,conein,siragusa,williams,valentine
P5-0001,7 John Does Brief_djvu.txt,.txt,37589,e307001be34c7da5f1f3abbc5bce96feda6a2a734681f45cc0471265add2afff,3fe7cbd4798a448a1c024b2a5271e2e322a2c7e7a17908b2cde5b310beb1557c,,,37519,6103,1075,1917;1947;1951;1961;1964;1969;1970;1971;1973;1974;1975;1976;1977;1978;1979;1980;1981;1982,generated/normalized_text/P5-0001_7_John_Does_Brief_djvu.txt.txt,0,124,0,5,76,0,0,0,0,1,2,29,34,6,0,4,0,0,0
P5-0002,7 John Does Decision_djvu.txt,.txt,27806,0622d3584bb09b020b2434d4d56d0e907d34ec2acbb500b19455f90e7e4db0e7,3e05a1a8e2402c47874ac494e60cb34fa5edbdc7aa22a022db0705e964fd1c48,,,27793,4460,565,1811;1959;1960;1961;1965;1967;1970;1973;1974;1976;1980;1981;1982,generated/normalized_text/P5-0002_7_John_Does_Decision_djvu.txt.txt,0,120,5,8,94,0,0,0,0,0,1,19,23,14,0,2,0,0,0
P5-0003,Apalachin Wessel/Wessel @ A-C_djvu.txt,.txt,39128,ae7ea4487c4fc732d05e3356d35f818ed938f3b27c67527d4d0011e6b2235888,60d24682792baa400de80ad99ddde130127ff65521538b6069c84ca18824998b,,,39027,6440,1560,1928;1949;1956;1957,generated/normalized_text/P5-0003_Apalachin_Wessel_Wessel_A-C_djvu.txt.txt,0,0,0,0,0,0,0,0,0,0,0,2,1,0,0,0,0,0,0
P5-0004,Apalachin Wessel/Wessel @ D-K_djvu.txt,.txt,65557,ff79b222561e2948c36750930869ea10331c21219d517ffd3195008ec080f2fe,e9acc8198040498b4fd44f2d08e63921a2ee23899bd016ec9e08b3d1f750272f,,,65440,10932,1611,1895;1904;1906;1907;1913;1917;1921;1922;1923;1924;1927;1930;1931;1932;1934;1935;1936;1938;1939;1940;1941;1942;1943;1945;1946;1947;1950;1952;1953;1954;1955;1956;1957;1959,generated/normalized_text/P5-0004_Apalachin_Wessel_Wessel_D-K_djvu.txt.txt,0,0,0,0,0,0,0,0,0,0,0,0,0,0,0,0,0,0,0
P5-0005,Apalachin Wessel/Wessel memo_djvu.txt,.txt,30913,032d06a4a26a8ec02df6d7e001f04cca4cd5a43af70b350f22498e6adde11496,b10eed747c584eabf0047b203e77e4d981e9d2cee95dc5f62be96bb2ea0ae02d,,,30855,5070,720,1923;1928;1956;1957;1959,generated/normalized_text/P5-0005_Apalachin_Wessel_Wessel_memo_djvu.txt.txt,0,0,0,0,0,0,0,0,0,0,0,3,0,0,0,0,0,0,0
P5-0006,Benjamin_djvu.txt,.txt,30813,923025727e40f8265fc80a9db874ff11bd481613546dc68b393d0f05a645b242,360cd2bd8e5aabac097a436f9b3e6048d338fe59112c96de17205773c124b3cc,EXACT-013,NORM-004,29442,4875,1624,1824;1865;1902;1905;1906;1933;1955;1964;1983;1985;1995,generated/normalized_text/P5-0006_Benjamin_djvu.txt.txt,0,0,0,0,0,0,0,0,0,0,0,10,0,1,0,0,0,0,0
P5-0007,Bolten WH Exit Interview_djvu.txt,.txt,17975,f54a1fcce17394b1a672cfcea187dccf2231d68a9a8e8b06f2dfb18bf403ed07,c5f5242bc143563bed4e56bac6e569384bcec4887a4b34aa300603c9778eb728,,,17947,2922,419,1945;1948;1949;1955;1960;1961;1962;1965;1968;1970;1971;1975;1976;1977;1981,generated/normalized_text/P5-0007_Bolten_WH_Exit_Interview_djvu.txt.txt,0,3,0,0,0,0,0,0,0,0,0,3,18,0,0,0,0,0,0
P5-0008,CCS Files Conein et al_djvu.txt,.txt,1663,f8bd9a0ac8aebe820ebea677321918e72232a184ea481131657144c8efcc9b6e,511b614e414e18adbfff7bdd6b3c297a92a519683159f22ea7c4d0a56260c7fb,,,1650,281,75,1952;1956;1968,generated/normalized_text/P5-0008_CCS_Files_Conein_et_al_djvu.txt.txt,0,1,0,0,0,0,0,0,0,0,0,0,0,0,0,0,0,0,0
P5-0009,CIA in DEA Corson_djvu.txt,.txt,929,2486b0aaf4e9d0dca69766739a63cd18bdd6ff034024774bb0fd46d90a865b7a,7856f063f9b1c24950affe890e454eb8e3296c6eb99c77813629c5e991ee5b35,,,924,132,81,,generated/normalized_text/P5-0009_CIA_in_DEA_Corson_djvu.txt.txt,0,0,0,0,0,0,0,0,0,0,0,0,0,0,0,0,0,0,0
P5-0010,CIA in DEA internal_djvu.txt,.txt,1613,e5b17eaf1a2714c5c6d8274b6ac202248d9855d41bea55b11c5806b3a628bf92,e5e89bd9d492dae9673607bf24cf60a9127ff9cae79f05fe37339ae02ac9a62e,,,1611,284,261,1943;1950;1952;1953;1955;1956;1958;1959;1960;1961;1963;1964;1967;1968;1969;1970;1971,generated/normalized_text/P5-0010_CIA_in_DEA_internal_djvu.txt.txt,0,4,0,0,3,0,0,0,0,0,0,0,2,0,0,0,0,0,0
P5-0011,Compton Boyd/Boyd DEA Corruption 77-78_djvu.txt,.txt,40835,4fde36c6842371fb3f88c6c0c60be26979022651ebbc43e38f14d50e14bdc936,0149fe411bd907b3aa2f88ec4807c2fc917fabb659bc6c88ee864cb455abfcfb,,,40710,6750,1320,1914;1925;1948;1950;1951;1964;1965;1966;1967;1970;1973;1974;1975;1976;1977;1978,generated/normalized_text/P5-0011_Compton_Boyd_Boyd_DEA_Corruption_77-78_djvu.txt.txt,0,0,0,0,32,0,0,0,0,0,0,1,0,0,0,0,0,0,0
P5-0012,Compton Boyd/Compton Affidavit_djvu.txt,.txt,71820,966c4eeda6296dcc7e4962da5c597d93030225494ff67ecc42e67017e57cde1c,c9ca7657c1865e57dc0b5e90502eeea8a2e281d37834ec59cdba0dedde177b3e,,,71505,14548,2136,1968;1970;1971;1973;1975,generated/normalized_text/P5-0012_Compton_Boyd_Compton_Affidavit_djvu.txt.txt,0,3,1,9,17,0,0,0,0,0,0,20,1,0,0,0,0,0,0
P5-0013,Copeland_djvu.txt,.txt,11618,bcdee4f80cc0f07de5b9ef14fc9529272451e6686056fc62b99fbad29883e396,6d64229a2e8e1225c4b2e6c56a322805ece4817a742ba5b703d1bb497b32ea1c,,,11557,1894,947,1921;1948;1949;1951;1962;1963;1967;1970;1981,generated/normalized_text/P5-0013_Copeland_djvu.txt.txt,0,0,0,0,0,0,0,0,0,0,0,0,1,0,0,0,0,0,0
P5-0014,Cusack China memo_djvu.txt,.txt,32051,813371aca33abfd3d9595241b1d1c949878ef7bab126c172fe541dcb37fab18a,e34bb33837808b56aa98d43accaaed08afbbcd87c581829ffef1fdfdddae5d45,,,32014,5633,768,1800;1900;1923;1928;1930;1941;1946;1947;1949;1951;1960;2030;2035;2040;2050,generated/normalized_text/P5-0014_Cusack_China_memo_djvu.txt.txt,0,0,0,0,0,0,0,0,0,0,0,10,1,2,0,0,1,0,0
P5-0015,documents re hoods/Castellani-Brown_djvu.txt,.txt,30813,923025727e40f8265fc80a9db874ff11bd481613546dc68b393d0f05a645b242,360cd2bd8e5aabac097a436f9b3e6048d338fe59112c96de17205773c124b3cc,EXACT-013,NORM-004,29442,4875,1624,1824;1865;1902;1905;1906;1933;1955;1964;1983;1985;1995,generated/normalized_text/P5-0015_documents_re_hoods_Castellani-Brown_djvu.txt.txt,0,0,0,0,0,0,0,0,0,0,0,10,0,1,0,0,0,0,0
P5-0016,documents re hoods/Douheret Schrier/August 19 1968 Douheret Interview_djvu.txt,.txt,3881,9009d0e5ae135704fcd103b6165512fb8fa8ad57794e4bf2014576eee9de5fb2,8ede9aa42c6bb8be60b6d6d9f184dde7cc60923760d0d75d8bb0ca049d19ba01,EXACT-012,NORM-011,3860,619,200,1968,generated/normalized_text/P5-0016_documents_re_hoods_Douheret_Schrier_August_19_1968_Douheret_Interview_djvu.txt.txt,0,0,0,0,0,0,0,0,0,0,0,4,0,0,0,0,0,0,0
P5-0017,documents re hoods/Douheret Schrier/August 8 1968 Douheret Interview_djvu.txt,.txt,14101,d40406cc9c2caf663d6bbc3027b5024c96385a27e1874c2980d4c64b74de2f7a,86266313e5a68a67ef7a17484d12ca9217c2334c3824ded7887407d055c9db84,,,14036,2311,393,1953;1959;1962;1964;1968;1988,generated/normalized_text/P5-0017_documents_re_hoods_Douheret_Schrier_August_8_1968_Douheret_Interview_djvu.txt.txt,0,0,0,0,0,0,0,0,0,0,0,1,0,1,0,0,0,0,0
P5-0018,documents re hoods/Lansky_djvu.txt,.txt,55548,c1de67197a7dd27362874ce22cf09166f82ffcd6b78b7b968399c80d424dd109,e3af67d575dc6f401c581fa8f205203cd6fc8631171aed9635b5cda320f5fa1b,,,55320,9275,1662,1850;1902;1911;1916;1918;1925;1926;1928;1930;1934;1938;1939;1940;1942;1944;1945;1946;1947;1948;1949;1950;1951;1952;1953;1955;1956;1957;1958;1959;1960;1961;2017,generated/normalized_text/P5-0018_documents_re_hoods_Lansky_djvu.txt.txt,0,0,1,0,0,0,0,0,0,0,0,34,13,0,0,0,2,4,0
P5-0019,documents re hoods/Lombardozzi_djvu.txt,.txt,23213,8c33bd81665bade59986ccda64ba8512127fd60d3d7604e7f6eced96d82a39b0,fba74713cee67466a7f0aefda133f0d1cc3deef524433b6b4733639fdeea394f,,,23129,3809,762,1907;1930;1931;1940;1941;1942;1943;1951;1955;1956;1957;1958;1959;1961;1962,generated/normalized_text/P5-0019_documents_re_hoods_Lombardozzi_djvu.txt.txt,0,0,0,0,0,0,0,0,0,0,0,10,1,0,0,0,0,0,0
P5-0020,documents re hoods/Luciano scans/arrest_djvu.txt,.txt,8599,8db63e384a80d7a09c164f996febd87c2532e391492be0460a59dc94a5efcb4b,88e321b43d54f2ecb195097eab5ac4a3d371eaa89e0dbdac52bc80f8293a0468,EXACT-011,NORM-010,8450,1284,914,1897;1916;1921;1923;1925;1926;1927;1928;1929;1930;1931;1932;1933;1935;1936;1946;1949,generated/normalized_text/P5-0020_documents_re_hoods_Luciano_scans_arrest_djvu.txt.txt,0,0,0,0,0,0,0,0,0,0,0,0,0,0,0,0,0,0,0
P5-0021,documents re hoods/Luciano scans/FBI Lucky_djvu.txt,.txt,8599,8db63e384a80d7a09c164f996febd87c2532e391492be0460a59dc94a5efcb4b,88e321b43d54f2ecb195097eab5ac4a3d371eaa89e0dbdac52bc80f8293a0468,EXACT-011,NORM-010,8450,1284,914,1897;1916;1921;1923;1925;1926;1927;1928;1929;1930;1931;1932;1933;1935;1936;1946;1949,generated/normalized_text/P5-0021_documents_re_hoods_Luciano_scans_FBI_Lucky_djvu.txt.txt,0,0,0,0,0,0,0,0,0,0,0,0,0,0,0,0,0,0,0
P5-0022,documents re hoods/Luciano scans/July 47 Olivera_djvu.txt,.txt,1587,98fcfce945419d296b8ea5131cbe57e2546e2baa7bb68b18f9d87848f7e73c08,85fd9f02630c4839fd46444fc2ae375ca0844bc0f372bc16aebf435a4d863d9a,,,1569,260,64,1863;1941;1947,generated/normalized_text/P5-0022_documents_re_hoods_Luciano_scans_July_47_Olivera_djvu.txt.txt,0,0,0,0,0,0,0,0,0,0,0,0,0,0,0,0,0,0,0
P5-0023,documents re hoods/Luciano scans/Kefauver_djvu.txt,.txt,17211,36c5d9c0a2057be88d0d32926432e817f4e188ac84f8e231a6bb9bc4e551e953,c10a88a6eb6af8cce4241cc14aff131e95cef24ca3b1100a2ed8105149943373,EXACT-004,NORM-012,17059,2814,546,1897;1917;1918;1924;1933;1936;1940;1942;1943;1944;1945;1946;1947;1951;1953,generated/normalized_text/P5-0023_documents_re_hoods_Luciano_scans_Kefauver_djvu.txt.txt,0,0,0,0,0,0,0,0,0,0,0,4,4,0,0,0,0,0,0
P5-0024,documents re hoods/Luciano scans/Manfredi Lucky 1947_djvu.txt,.txt,3292,346d669b4863611e6b35446a14c1b3c8f41b01a24748c5e93909508b52693f44,2bb59237f6657fcc670805b0efa6aacaddaa9dc7cea55f782ded9066099bdda5,EXACT-003,NORM-003,3208,566,121,1920;1942;1944;1945;1946;1947,generated/normalized_text/P5-0024_documents_re_hoods_Luciano_scans_Manfredi_Lucky_1947_djvu.txt.txt,0,0,1,0,0,0,0,0,0,0,0,1,1,0,0,0,0,0,0
P5-0025,documents re hoods/Luciano scans/Manfredi_djvu.txt,.txt,3292,346d669b4863611e6b35446a14c1b3c8f41b01a24748c5e93909508b52693f44,2bb59237f6657fcc670805b0efa6aacaddaa9dc7cea55f782ded9066099bdda5,EXACT-003,NORM-003,3208,566,121,1920;1942;1944;1945;1946;1947,generated/normalized_text/P5-0025_documents_re_hoods_Luciano_scans_Manfredi_djvu.txt.txt,0,0,1,0,0,0,0,0,0,0,0,1,1,0,0,0,0,0,0
P5-0026,documents re hoods/Luciano scans/Morrison_djvu.txt,.txt,2565,194fbd2479cff64fab18af04e0cedca2055dc6f6db06266404217b3c60a62f4d,99a2953b0537f8b60216de7bacbd61b3093891dd694c2c8037fa51888f4e2813,,,2483,432,166,1947,generated/normalized_text/P5-0026_documents_re_hoods_Luciano_scans_Morrison_djvu.txt.txt,0,0,0,0,0,0,0,0,0,0,0,1,0,0,0,0,0,0,0
P5-0027,documents re hoods/Luciano scans/Olivera Feb 47_djvu.txt,.txt,1928,20fb0e1829e270f46fa3256269653edb2368679e4546671c40ebc1ac31e1b82a,ea9e719a2c564b11258ed2a3fed0d4cbe054d39ba4039e98f871f7db827a22bf,,,1921,312,69,1947,generated/normalized_text/P5-0027_documents_re_hoods_Luciano_scans_Olivera_Feb_47_djvu.txt.txt,0,0,0,0,0,0,0,0,0,0,0,1,0,0,0,0,0,1,0
P5-0028,documents re hoods/Luciano scans/Olivera re Luciano_djvu.txt,.txt,42376,ccd220a8c9db8863a248ce56fccc34b44293d9cc11f5108048a8307c80cfa348,ff6a02793e747fdae38490f168123eeb49c65b6235cfacf65e5803f4a2a24d31,,,38063,8099,2076,,generated/normalized_text/P5-0028_documents_re_hoods_Luciano_scans_Olivera_re_Luciano_djvu.txt.txt,0,0,0,0,0,0,0,0,0,0,0,0,0,0,0,0,0,0,0
P5-0029,documents re hoods/Luciano scans/Siragusa to HJA May 51 (2)_djvu.txt,.txt,10132,8b80fd3150253d93af8df7142882a5a2d96760c370863cfd170d4c5a176eeaf9,7b5cff78b56b0ae97d8029de68472885198cda5bb1090261c00782c4014f9851,EXACT-010,NORM-008,10120,1747,263,1949;1951,generated/normalized_text/P5-0029_documents_re_hoods_Luciano_scans_Siragusa_to_HJA_May_51_2__djvu.txt.txt,0,0,0,0,0,0,0,0,0,0,0,3,0,0,0,0,0,0,0
P5-0030,documents re hoods/Luciano scans/Siragusa to HJA May 51_djvu.txt,.txt,10132,8b80fd3150253d93af8df7142882a5a2d96760c370863cfd170d4c5a176eeaf9,7b5cff78b56b0ae97d8029de68472885198cda5bb1090261c00782c4014f9851,EXACT-010,NORM-008,10120,1747,263,1949;1951,generated/normalized_text/P5-0030_documents_re_hoods_Luciano_scans_Siragusa_to_HJA_May_51_djvu.txt.txt,0,0,0,0,0,0,0,0,0,0,0,3,0,0,0,0,0,0,0
P5-0031,documents re hoods/Luciano scans/White 1951 Lucky_djvu.txt,.txt,17211,36c5d9c0a2057be88d0d32926432e817f4e188ac84f8e231a6bb9bc4e551e953,c10a88a6eb6af8cce4241cc14aff131e95cef24ca3b1100a2ed8105149943373,EXACT-004,NORM-012,17059,2814,546,1897;1917;1918;1924;1933;1936;1940;1942;1943;1944;1945;1946;1947;1951;1953,generated/normalized_text/P5-0031_documents_re_hoods_Luciano_scans_White_1951_Lucky_djvu.txt.txt,0,0,0,0,0,0,0,0,0,0,0,4,4,0,0,0,0,0,0
P5-0032,documents re hoods/Luciano scans/Williams March 47_djvu.txt,.txt,7844,c2355611a2c1071900893a1832da5b14598f4c701237694c201f122b80f0a20c,9ad8ae20ec2814976967ebfe326591d31a000b417a7b217309870748f3967206,,,7281,1527,351,,generated/normalized_text/P5-0032_documents_re_hoods_Luciano_scans_Williams_March_47_djvu.txt.txt,0,0,0,0,0,0,0,0,0,0,0,0,0,0,0,0,0,0,0
P5-0033,documents re hoods/Nagelberg/nagelberg-ghode_djvu.txt,.txt,5695,66dcadf01d1bb21970bef254e5e281f385667f7b846a22df43d2a788dc30a987,fb0fe181a2d5bd0d155009dd42f5023e11d95001cdd7aa4f9c30e6bd40672d03,,,5685,940,218,1967;1968,generated/normalized_text/P5-0033_documents_re_hoods_Nagelberg_nagelberg-ghode_djvu.txt.txt,0,0,0,0,0,0,0,0,0,0,0,5,0,0,0,0,0,0,0
P5-0034,documents re hoods/Nebbia Schrier/August 19 1968 Nebbia Interview_djvu.txt,.txt,5002,292250690766e903580565517771e9e44663db728cf2d6466aab88be79a835e7,e99fdc87a4d2b7664e8a074968971ce03d5d993058661ed3c19079f4a24cf187,EXACT-002,NORM-017,4969,858,245,1968,generated/normalized_text/P5-0034_documents_re_hoods_Nebbia_Schrier_August_19_1968_Nebbia_Interview_djvu.txt.txt,0,0,0,0,0,0,0,0,0,0,0,4,0,0,0,0,0,0,0
P5-0035,documents re hoods/Nebbia Schrier/August 7 1968 Nebbia Interview_djvu.txt,.txt,6906,863eac9db6a1f909619eebc850bec92ef1fbfb4752244a8de6e92b264114c6b8,0ca4c0b45d27458b0d15e6129e4fc27ca7d7c0dadc27dc38fb11cb625d595118,EXACT-009,NORM-001,6887,1150,203,1954;1960;1963;1964;1968,generated/normalized_text/P5-0035_documents_re_hoods_Nebbia_Schrier_August_7_1968_Nebbia_Interview_djvu.txt.txt,0,0,0,0,0,0,0,0,0,0,0,6,0,0,0,0,0,0,0
P5-0036,documents re hoods/Zicarelli_djvu.txt,.txt,39779,00e1be0c8b74ac720155213d5ad51492e4a3423556770ec9c59540d85ffaa530,0c728f1e9c847929ea418cc769d89086e9b3e0493acb897f0b5975e4fe5f8361,,,39737,6310,1068,1890;1894;1922;1923;1924;1930;1931;1939;1941;1942;1945;1946;1947;1948;1950;1952;1953;1954;1955;1956;1957;1958;1959;1960;1961;1962;1980;2027,generated/normalized_text/P5-0036_documents_re_hoods_Zicarelli_djvu.txt.txt,0,0,0,0,0,0,0,0,0,1,0,43,0,0,0,0,0,0,0
P5-0037,FBN rosters.doc/1955 roster 1_djvu.txt,.txt,3700,d7c8d1f2f5724dd5559567885ecd69476b374c3d92f0ee5627c815d5d0734aba,95966604e167fefad4ee8c922dced46ddc0d132d9552ac14dc4368b912a31ed4,,,3643,673,258,1821;1913;1955;1961,generated/normalized_text/P5-0037_FBN_rosters.doc_1955_roster_1_djvu.txt.txt,0,0,0,0,0,0,0,0,0,0,0,1,0,0,0,0,0,0,0
P5-0038,FBN rosters.doc/1955 roster 2_djvu.txt,.txt,3108,88de994ddf01a2beb168fbfb28087d5c6fa41f22ade5e9d4004e9ce5d2e46b97,b712cbbc7eba420f8f393f0f09c4bd92a7de788080b8ad800d036e083d4a9a8e,,,3068,583,183,2020,generated/normalized_text/P5-0038_FBN_rosters.doc_1955_roster_2_djvu.txt.txt,0,0,0,0,0,0,0,0,0,0,0,0,0,0,0,0,0,0,0
P5-0039,FBN rosters.doc/Baltimore 1969_djvu.txt,.txt,5458,7de79377f07b459151f4bf0d3c9eda5ba8ef4d956f69d8eb8c373c9828faed3e,5a6cac83bb90a5fec30d5e14ff7388677b10553f135f63ccb3416c18e48f2216,,,5456,852,322,1801;1969;2010;2074,generated/normalized_text/P5-0039_FBN_rosters.doc_Baltimore_1969_djvu.txt.txt,0,0,0,1,0,0,0,0,0,0,0,1,0,0,0,0,0,0,0
P5-0040,FBN rosters.doc/Baltimore feb 69_djvu.txt,.txt,5317,d88da002bf7d8830db2edaaa4ea7cb696ac8a89c1986c38182ae9bab6b892a21,290ed259357dceac1ba9e82186727a4d377711df087bc878b494f621d4a0b3f5,,,5311,860,348,1801;2010;2070;2074,generated/normalized_text/P5-0040_FBN_rosters.doc_Baltimore_feb_69_djvu.txt.txt,0,0,0,0,0,0,0,0,0,0,0,0,0,0,0,0,0,0,0
P5-0041,FBN rosters.doc/Baltimore Jan 68_djvu.txt,.txt,2077,a90ea255339a80d22d3ec0d9d8961ae4725128341cc6c5be9df49529d4b5b1eb,8dda03c65ced0a09a744cf3226d29a4e89af59e9f4666fbeea010eafd7dc2d51,,,2045,354,176,1963,generated/normalized_text/P5-0041_FBN_rosters.doc_Baltimore_Jan_68_djvu.txt.txt,0,0,0,0,0,0,0,0,0,0,0,0,0,0,0,0,0,0,0
P5-0042,FBN rosters.doc/BDAC Baltimore 67_djvu.txt,.txt,2198,4d088d39c66cf3348b4f8a96191e1b074de8191e3c12091911d1186a4cfcb914,d03d7577ceb359f0f3b3c9c98179fe3ef3e382efae217d73a247cce2fb890d96,,,2197,357,211,1967;2074,generated/normalized_text/P5-0042_FBN_rosters.doc_BDAC_Baltimore_67_djvu.txt.txt,0,0,0,0,0,0,0,0,0,0,0,0,0,0,0,0,0,0,0
P5-0043,FBN rosters.doc/BNDD Baltimore 69_djvu.txt,.txt,5502,cab0094c75a5a3bef44d5be7875ef90bbbb5773859924c98908bfd45df4f0379,1b3ddecd388882a6f0448fd11194536b769e678e8464f4335fd3fe5715d185e8,,,5467,857,327,1801;1969;2010;2074,generated/normalized_text/P5-0043_FBN_rosters.doc_BNDD_Baltimore_69_djvu.txt.txt,0,0,0,0,0,0,0,0,0,0,0,1,0,0,0,0,0,0,0
P5-0044,FBN rosters.doc/DEA offices.doc/Atlanta April 68 (2)_djvu.txt,.txt,3080,7b9608b86c38145c34f3a789ae03e5040e92da6f18214ff9e2045f2341d87d42,f33460875d066781ae71aa8a3cb12cd70e4345f9fe4af7d83c5ac22f62aa88d7,EXACT-008,NORM-018,3077,467,224,1813;1831;1968;1998,generated/normalized_text/P5-0044_FBN_rosters.doc_DEA_offices.doc_Atlanta_April_68_2__djvu.txt.txt,0,0,0,3,0,0,0,0,0,0,0,3,0,0,0,0,0,0,0
P5-0045,FBN rosters.doc/DEA offices.doc/Atlanta April 68_djvu.txt,.txt,3080,7b9608b86c38145c34f3a789ae03e5040e92da6f18214ff9e2045f2341d87d42,f33460875d066781ae71aa8a3cb12cd70e4345f9fe4af7d83c5ac22f62aa88d7,EXACT-008,NORM-018,3077,467,224,1813;1831;1968;1998,generated/normalized_text/P5-0045_FBN_rosters.doc_DEA_offices.doc_Atlanta_April_68_djvu.txt.txt,0,0,0,3,0,0,0,0,0,0,0,3,0,0,0,0,0,0,0
P5-0046,FBN rosters.doc/DEA offices.doc/Detroit 1970 (2)_djvu.txt,.txt,6555,d00cb339c285b4953cebbd3b9b1cbbb93eb2ec7c5b3824e466d39b9be1c68543,ff133984879af619b4aa52af7d3b99b34379b864d0512966fea8a4ca5f5683eb,EXACT-017,NORM-019,6534,1058,354,1850;2009;2016,generated/normalized_text/P5-0046_FBN_rosters.doc_DEA_offices.doc_Detroit_1970_2__djvu.txt.txt,0,0,0,1,0,0,0,0,0,0,0,0,0,0,0,0,0,0,0
P5-0047,FBN rosters.doc/DEA offices.doc/Detroit 1970_djvu.txt,.txt,6555,d00cb339c285b4953cebbd3b9b1cbbb93eb2ec7c5b3824e466d39b9be1c68543,ff133984879af619b4aa52af7d3b99b34379b864d0512966fea8a4ca5f5683eb,EXACT-017,NORM-019,6534,1058,354,1850;2009;2016,generated/normalized_text/P5-0047_FBN_rosters.doc_DEA_offices.doc_Detroit_1970_djvu.txt.txt,0,0,0,1,0,0,0,0,0,0,0,0,0,0,0,0,0,0,0
P5-0048,FBN rosters.doc/DEA offices.doc/District 6 April 68 (2)_djvu.txt,.txt,3127,98998a666fdd898811ca32fa73646588495199f3b07ac4697d002eecc5d1e554,777aff19aa74b8cdf245bd63333bb936b2d6aedc024542ef0530b2256aa0dc64,EXACT-014,NORM-007,3121,500,342,1968;1971,generated/normalized_text/P5-0048_FBN_rosters.doc_DEA_offices.doc_District_6_April_68_2__djvu.txt.txt,0,0,0,0,0,0,0,0,0,0,0,0,0,0,0,0,0,0,0
P5-0049,FBN rosters.doc/DEA offices.doc/District 6 April 68_djvu.txt,.txt,3127,98998a666fdd898811ca32fa73646588495199f3b07ac4697d002eecc5d1e554,777aff19aa74b8cdf245bd63333bb936b2d6aedc024542ef0530b2256aa0dc64,EXACT-014,NORM-007,3121,500,342,1968;1971,generated/normalized_text/P5-0049_FBN_rosters.doc_DEA_offices.doc_District_6_April_68_djvu.txt.txt,0,0,0,0,0,0,0,0,0,0,0,0,0,0,0,0,0,0,0
P5-0050,FBN rosters.doc/DEA offices.doc/July 72 Mexico (2)_djvu.txt,.txt,3363,d072fb844ebb9ba257cfca3a8a4c0fb9b0609323daf385276bb57092eff32672,c6b9e26784a099d2ee074bbeb56e6727bb5bdf03f2b43aaab8d581c3fb88f05a,EXACT-018,NORM-013,3349,545,199,,generated/normalized_text/P5-0050_FBN_rosters.doc_DEA_offices.doc_July_72_Mexico_2__djvu.txt.txt,0,0,0,0,0,0,0,0,0,0,0,0,0,0,0,0,0,0,0
P5-0051,FBN rosters.doc/DEA offices.doc/July 72 Mexico_djvu.txt,.txt,3363,d072fb844ebb9ba257cfca3a8a4c0fb9b0609323daf385276bb57092eff32672,c6b9e26784a099d2ee074bbeb56e6727bb5bdf03f2b43aaab8d581c3fb88f05a,EXACT-018,NORM-013,3349,545,199,,generated/normalized_text/P5-0051_FBN_rosters.doc_DEA_offices.doc_July_72_Mexico_djvu.txt.txt,0,0,0,0,0,0,0,0,0,0,0,0,0,0,0,0,0,0,0
P5-0052,FBN rosters.doc/DEA offices.doc/Miami April 1968 (2)_djvu.txt,.txt,1474,a8f3862008eecb7520302be1aa01cdb1e311867f998fdc36e96c4ed8e269e483,2019c2966d99d28ed90f42d2747583944abd9d6a3e604edbba41d4dc4a174b0d,EXACT-015,NORM-002,1474,230,85,1968;2020;2074,generated/normalized_text/P5-0052_FBN_rosters.doc_DEA_offices.doc_Miami_April_1968_2__djvu.txt.txt,0,0,0,1,0,0,0,0,0,0,0,1,0,0,0,0,0,0,0
P5-0053,FBN rosters.doc/DEA offices.doc/Miami April 1968_djvu.txt,.txt,1474,a8f3862008eecb7520302be1aa01cdb1e311867f998fdc36e96c4ed8e269e483,2019c2966d99d28ed90f42d2747583944abd9d6a3e604edbba41d4dc4a174b0d,EXACT-015,NORM-002,1474,230,85,1968;2020;2074,generated/normalized_text/P5-0053_FBN_rosters.doc_DEA_offices.doc_Miami_April_1968_djvu.txt.txt,0,0,0,1,0,0,0,0,0,0,0,1,0,0,0,0,0,0,0
P5-0054,FBN rosters.doc/DEA offices.doc/New York Jan 69 (2)_djvu.txt,.txt,10905,afdcf51e5421372621c27e969c1f703afc10b7a2d9f6d9c59d289f36beec8e5b,475a33e0b7ab211d8db93d5a8584dbf0821e43d8b96d64d017bfa5f96aaac6a5,EXACT-016,NORM-006,10892,1979,479,1844;1863;1920;1949;1950;1969;2029;2031;2061,generated/normalized_text/P5-0054_FBN_rosters.doc_DEA_offices.doc_New_York_Jan_69_2__djvu.txt.txt,0,0,0,0,0,0,0,0,0,0,0,1,0,0,0,0,0,0,0
P5-0055,FBN rosters.doc/DEA offices.doc/New York Jan 69_djvu.txt,.txt,10905,afdcf51e5421372621c27e969c1f703afc10b7a2d9f6d9c59d289f36beec8e5b,475a33e0b7ab211d8db93d5a8584dbf0821e43d8b96d64d017bfa5f96aaac6a5,EXACT-016,NORM-006,10892,1979,479,1844;1863;1920;1949;1950;1969;2029;2031;2061,generated/normalized_text/P5-0055_FBN_rosters.doc_DEA_offices.doc_New_York_Jan_69_djvu.txt.txt,0,0,0,0,0,0,0,0,0,0,0,1,0,0,0,0,0,0,0
P5-0056,FBN rosters.doc/Detroit 1959 Bureau of Narcotics roster (2)_djvu.txt,.txt,2294,0a0cd4cdd922c00eabf712e32cd8faad65ba0e8b86f82f3ea731cec6e26bf520,3d8f8a2812b5ae1caf34a2d953bf978b24f0c22eeff55586c50ce4ff6d32d8ff,EXACT-001,NORM-005,2290,355,152,1959;2017,generated/normalized_text/P5-0056_FBN_rosters.doc_Detroit_1959_Bureau_of_Narcotics_roster_2__djvu.txt.txt,0,0,0,0,0,0,0,0,0,0,0,1,0,0,0,0,0,0,0
P5-0057,FBN rosters.doc/Detroit 1959 Bureau of Narcotics roster_djvu.txt,.txt,2294,0a0cd4cdd922c00eabf712e32cd8faad65ba0e8b86f82f3ea731cec6e26bf520,3d8f8a2812b5ae1caf34a2d953bf978b24f0c22eeff55586c50ce4ff6d32d8ff,EXACT-001,NORM-005,2290,355,152,1959;2017,generated/normalized_text/P5-0057_FBN_rosters.doc_Detroit_1959_Bureau_of_Narcotics_roster_djvu.txt.txt,0,0,0,0,0,0,0,0,0,0,0,1,0,0,0,0,0,0,0
P5-0058,FBN rosters.doc/District  6 Oct 63 (2)_djvu.txt,.txt,1568,44d47ac9db955b9ebc6e52cf246459f53f2b36a0e2305bf042d081c5a97037f6,c76962bb64011958197e4dbe8fcba3187d26159c3de3a1036c64b60bf09f28d5,EXACT-006,NORM-015,1568,255,153,1963,generated/normalized_text/P5-0058_FBN_rosters.doc_District_6_Oct_63_2__djvu.txt.txt,0,0,0,0,0,0,0,0,0,0,0,0,0,0,0,0,0,0,0
P5-0059,FBN rosters.doc/District  6 Oct 63_djvu.txt,.txt,1568,44d47ac9db955b9ebc6e52cf246459f53f2b36a0e2305bf042d081c5a97037f6,c76962bb64011958197e4dbe8fcba3187d26159c3de3a1036c64b60bf09f28d5,EXACT-006,NORM-015,1568,255,153,1963,generated/normalized_text/P5-0059_FBN_rosters.doc_District_6_Oct_63_djvu.txt.txt,0,0,0,0,0,0,0,0,0,0,0,0,0,0,0,0,0,0,0
P5-0060,FBN rosters.doc/District 14 Sep 65_djvu.txt,.txt,5029,96f501f18bee82cf603f9f4d3a1137d23d5e2f72d49b3291f57bcc8a161b2b35,dfffe83bfde032759b3f29417a1ad9e40955362515e39cd56270f67a69a4f348,,,4991,785,329,1893;1899;1965;1979;1984,generated/normalized_text/P5-0060_FBN_rosters.doc_District_14_Sep_65_djvu.txt.txt,0,0,0,0,0,0,0,0,0,0,0,5,0,0,0,0,0,0,0
P5-0061,FBN rosters.doc/District 6 Jan 55_djvu.txt,.txt,1448,c22c48da164182a6e282ee1fc95f5d1b793e9960260b6c473d66409fac8830d6,99c495fbe12c09e9faadd6f029b1c41a2ad3647eb0ad2b95082122995cffaa5d,,,1439,248,129,1851;1953;1955;1961,generated/normalized_text/P5-0061_FBN_rosters.doc_District_6_Jan_55_djvu.txt.txt,0,0,0,0,0,0,0,0,0,0,0,0,0,0,0,0,0,0,0
P5-0062,FBN rosters.doc/District 8 1943_djvu.txt,.txt,2266,57a836172cbfc2026976376dc5a2e7f97320cb33b03f3377f143d562175b0912,63c3307f8f2c13569b7fefd68957c16f332665b9273d7a9e8008799b8c87cb2c,,,2174,297,153,1943,generated/normalized_text/P5-0062_FBN_rosters.doc_District_8_1943_djvu.txt.txt,0,0,0,0,0,0,0,0,0,0,0,0,0,0,0,0,0,0,0
P5-0063,FBN rosters.doc/District 8 Nov 47_djvu.txt,.txt,1638,e863ba7e0e6ed4d1cc7ad09ade515aacc53f238f846021cf673011c0a107e053,6282d4e38f2e72ec09b25b2ecef41ccc4cbc176343ce8c0c212c089a6a0868c6,,,1632,236,173,1947;2053,generated/normalized_text/P5-0063_FBN_rosters.doc_District_8_Nov_47_djvu.txt.txt,0,0,0,0,0,0,0,0,0,0,0,0,0,0,0,0,0,0,0
P5-0064,FBN rosters.doc/Field Org FBN 66_djvu.txt,.txt,2527,29d76c508883d250c9e51ff924edbabe02166843a7ea037bc2984766f14c2acd,eb81d3b853d969dda1bb27c2997c7270c3144d9f7f30cd7db6f5fc2ea17b4da3,,,2527,356,244,1836;1966,generated/normalized_text/P5-0064_FBN_rosters.doc_Field_Org_FBN_66_djvu.txt.txt,0,0,0,0,0,0,0,0,0,0,0,2,0,0,0,0,0,0,0
P5-0065,FBN rosters.doc/Jan 65 FBN_djvu.txt,.txt,6007,b7c19f968603debe9992b81f22dd0b5ad6060322d53be6d09846aeb923fe290c,1e1afb19dbde6686b3cc1715717ced582dc1d5b6bddff81c58a04e7f21c1a215,,,5991,915,417,1965,generated/normalized_text/P5-0065_FBN_rosters.doc_Jan_65_FBN_djvu.txt.txt,0,0,0,0,0,0,0,0,0,0,0,1,0,0,0,0,1,0,0
P5-0066,FBN rosters.doc/more rosters/March 1966 1_djvu.txt,.txt,3875,273236c512fd47fd8572989911f9d73a0651a83053ca958939d1513f15ac461c,5241772f9e056192f6db4c2eeacfc16200c5df2ecbab3aaff09d22901ba75c36,,,3875,701,281,1966;2024,generated/normalized_text/P5-0066_FBN_rosters.doc_more_rosters_March_1966_1_djvu.txt.txt,0,0,0,0,0,0,0,0,0,0,0,1,0,0,0,0,0,0,0
P5-0067,FBN rosters.doc/more rosters/March 1966 2_djvu.txt,.txt,3017,99b2d70275475457d8efa854b34d095c4077ed9f23ddc88fa94fb378220cb851,945def1a2c920725d3989dceacf511bfd1db30f2016f965df401b19559e2ab87,,,2866,562,266,,generated/normalized_text/P5-0067_FBN_rosters.doc_more_rosters_March_1966_2_djvu.txt.txt,0,0,0,0,0,0,0,0,0,0,0,0,0,0,0,0,0,0,0
P5-0068,FBN rosters.doc/New York March 1966 p 2_djvu.txt,.txt,4427,15dcf487bf8918f4ff9598bb9bd8ff8ae42ff865b4d3f3aca9643e234bf9797a,30447d5bf361c0d409d11610e0e452524a1383d2b87c3d0fef665ee75c5ab5f4,,,4392,829,339,1884,generated/normalized_text/P5-0068_FBN_rosters.doc_New_York_March_1966_p_2_djvu.txt.txt,0,0,0,0,0,0,0,0,0,0,0,0,0,0,0,0,0,0,0
P5-0069,FBN rosters.doc/New York rosters/1 New York Jan 55_djvu.txt,.txt,6461,d337e6307f13c27c7c9bc7972cd1a26fa194c5dfb15081d6fa2f3af4bb07ebb1,d4c144d73aa5354b1a6a83832795fb93aeb5a67c42a9b663f2c59b278283cb6a,,,6431,1194,301,1824,generated/normalized_text/P5-0069_FBN_rosters.doc_New_York_rosters_1_New_York_Jan_55_djvu.txt.txt,0,0,0,0,0,0,0,0,0,0,0,1,0,0,0,0,0,0,0
P5-0070,FBN rosters.doc/New York rosters/2 New York Oct 1955_djvu.txt,.txt,6379,211503a6935a27a8a25911451851951cc3daa995a229fedee60a6ae87a0bb541,6693553c1f5d192c8a6d620242af29ff05e9469f8ab7874094ceead6dae0b743,,,6338,1146,312,1955;2020,generated/normalized_text/P5-0070_FBN_rosters.doc_New_York_rosters_2_New_York_Oct_1955_djvu.txt.txt,0,0,0,0,0,0,0,0,0,0,0,1,0,0,0,0,0,0,0
P5-0071,FBN rosters.doc/New York rosters/2a New York sept 1955_djvu.txt,.txt,5556,67adc9991029efe5dc8e641a4ef9006aae082b737065f35eb415bf1a74b612f0,9ae72c4aaafd7463cb112607ea2921fc98be4a3248eef5166116beef1d591656,,,5455,814,359,2020;2026,generated/normalized_text/P5-0071_FBN_rosters.doc_New_York_rosters_2a_New_York_sept_1955_djvu.txt.txt,0,0,0,0,0,0,0,0,0,0,0,2,0,0,0,0,0,0,0
P5-0072,FBN rosters.doc/New York rosters/3 New York Jan 58_djvu.txt,.txt,7087,08f9d14cc3f86bb7b844f394603c1b78f4aa524e82c4da0bfb18ca0bad43cbbc,109b810ee49d11d6edd4289660633f45027f8476b27ab4412616b6578f3cabbc,,,7056,1307,310,1821;1839;1869;1958;2020;2080,generated/normalized_text/P5-0072_FBN_rosters.doc_New_York_rosters_3_New_York_Jan_58_djvu.txt.txt,0,0,0,0,0,0,0,0,0,0,0,1,0,0,0,0,0,0,0
P5-0073,FBN rosters.doc/New York rosters/4 New York Oct 58_djvu.txt,.txt,7000,561e599e973370afbbb3c8af59b64420cbd7bbb431bcfa311547c70f70375d72,01a392c09d6649d17795248e82cf194e1e267656c782f65bf61c7506b1bfbdf6,,,6995,1276,303,1800;1958;1967;2020;2080,generated/normalized_text/P5-0073_FBN_rosters.doc_New_York_rosters_4_New_York_Oct_58_djvu.txt.txt,0,0,0,0,0,0,0,0,0,0,0,1,0,0,0,0,0,0,0
P5-0074,FBN rosters.doc/New York rosters/5 New York Sept 1959 NY_djvu.txt,.txt,3450,475fd962a1263316a83a1faf10f4e7f32837ff759c9930df550c31a6f644d5dc,0258d9fa514adc25f3c995d552f4dc363d432559d7eb7c8408a354f97b0b4b93,,,3447,614,177,1849,generated/normalized_text/P5-0074_FBN_rosters.doc_New_York_rosters_5_New_York_Sept_1959_NY_djvu.txt.txt,0,0,0,0,0,0,0,0,0,0,0,1,0,0,0,0,0,0,0
P5-0075,FBN rosters.doc/New York rosters/6 New York Sept 1959 Page 2_djvu.txt,.txt,3716,31e555d35f72560c1c505cb26b21a895a69daae125af5912b2add78872e071fc,dd838066d475e0507be163877d0587aaf81ae29bbaf7ab059b0ffa313e2e0afa,,,3703,679,173,1967;2006;2020;2087,generated/normalized_text/P5-0075_FBN_rosters.doc_New_York_rosters_6_New_York_Sept_1959_Page_2_djvu.txt.txt,0,0,0,0,0,0,0,0,0,0,0,0,0,0,0,0,0,0,0
P5-0076,FBN rosters.doc/New York rosters/7 New York Oct 1960_djvu.txt,.txt,4087,a9a361f59617efd3731b354ca6f004921bf75d9a8b37a90d6a7e5bac7c38d681,e2a7b49360e5e348ebd93c010e9626a7715335309d89f1c55ef42a4ba6a56065,,,4081,763,252,1821;2051,generated/normalized_text/P5-0076_FBN_rosters.doc_New_York_rosters_7_New_York_Oct_1960_djvu.txt.txt,0,0,0,0,0,0,0,0,0,0,0,1,0,0,0,0,0,0,0
P5-0077,FBN rosters.doc/New York rosters/8 New York  Oct 1960 p 2_djvu.txt,.txt,4122,f71bb4ae5e7babdb81066ec5628b3b48edec67c975ac485b084e48aa2d3d9ffa,6ca71d19b3527edcef4d4414362a6ccb1b0c32a35eec46382da1b283db0077b5,,,4117,748,256,1967;2006;2020;2051;2087,generated/normalized_text/P5-0077_FBN_rosters.doc_New_York_rosters_8_New_York_Oct_1960_p_2_djvu.txt.txt,0,0,0,0,0,0,0,0,0,0,0,0,0,0,0,0,0,0,0
P5-0078,FBN rosters.doc/New York rosters/91 New York July 63_djvu.txt,.txt,7459,9fa2b27aa057af2fbe1184a4e1af2abbc6f2900d78ceb2296a37ac4f647aa69b,29acc6b660a6a78fab547b6a55cc799f644c1a8d8b44c9515f2e4207d8970553,,,7443,1411,436,1963;1982;1986,generated/normalized_text/P5-0078_FBN_rosters.doc_New_York_rosters_91_New_York_July_63_djvu.txt.txt,0,0,0,0,0,0,0,0,0,0,0,0,0,0,0,0,0,0,0
P5-0079,FBN rosters.doc/New York rosters/92 New York Jan 66_djvu.txt,.txt,8134,0149507b2f855cf4bcf6a633fb3ae9acc23b872192141e89b0a079634d9f6208,03eef09423e537e61b96b717f8a85f3efd5b625d1be504f1bdd48a05037d97c8,,,8095,1485,419,1884;1920;2024;2045,generated/normalized_text/P5-0079_FBN_rosters.doc_New_York_rosters_92_New_York_Jan_66_djvu.txt.txt,0,0,0,0,0,0,0,0,0,0,0,0,0,0,0,0,0,0,0
P5-0080,FBN rosters.doc/New York rosters/9a New York Jan 1962_djvu.txt,.txt,3993,18aea83f39e05fe41c376e2b8a307edbf5cb47085f0824b20c230101fb6610bb,341e05eef875c4994efce396a69091e24e60a6c76a1f74208b7e6c05e1cbf222,,,3987,736,221,1821;1892;1962;2051,generated/normalized_text/P5-0080_FBN_rosters.doc_New_York_rosters_9a_New_York_Jan_1962_djvu.txt.txt,0,0,0,0,0,0,0,0,0,0,0,1,0,0,0,0,0,0,0
P5-0081,FBN rosters.doc/New York rosters/9b New York Jan 1962 p 2_djvu.txt,.txt,4517,03cc8125430b0c451ff158f47793af12424a2744866824a638fa84c5ae60320c,a06b337acb37e7c1a5bc7e40be2c064171a32df47babf7656dda14fc0b80d53a,,,4511,807,228,1881;1920;2006;2020,generated/normalized_text/P5-0081_FBN_rosters.doc_New_York_rosters_9b_New_York_Jan_1962_p_2_djvu.txt.txt,0,0,0,0,0,0,0,0,0,0,0,0,0,0,0,0,0,0,0
P5-0082,FBN rosters.doc/New York rosters/New York March 1966 p 2_djvu.txt,.txt,4086,fc2c55b0f400da81a438384868a29f8aa65e3bb3234a47fcc970ee4620c258c8,46af7973184af19bf92891d05f68738c47ac87a6a701a0d35072fef9b077b195,,,4019,782,337,1840;1884,generated/normalized_text/P5-0082_FBN_rosters.doc_New_York_rosters_New_York_March_1966_p_2_djvu.txt.txt,0,0,0,0,0,0,0,0,0,0,0,0,0,0,0,0,0,0,0
P5-0083,FBN rosters.doc/New York rosters/New York March 1966_djvu.txt,.txt,3676,30c53e33297a76731935010f428a87c37882b1f4b9aef21207eba061efbbda07,1c8e85a4dda745c6d87e8525b36887df606bd03b7aa3e00149c05a4cf61752fd,,,3602,701,277,1966;2024,generated/normalized_text/P5-0083_FBN_rosters.doc_New_York_rosters_New_York_March_1966_djvu.txt.txt,0,0,0,0,0,0,0,0,0,0,0,1,0,0,0,0,0,0,0
P5-0084,FBN rosters.doc/New York under Gaffney_djvu.txt,.txt,4617,5f91cd07fe420b07a75b1357cb02cf8136c0df880df5a2f4c616cf71175a25d7,d63d2ad49e793c5543da3836ea07ea622cbe82a9d794c4aa73cfe9b85c6a8b0c,,,4553,850,213,1821,generated/normalized_text/P5-0084_FBN_rosters.doc_New_York_under_Gaffney_djvu.txt.txt,0,0,0,0,0,0,0,0,0,0,0,0,0,0,0,0,0,0,0
P5-0085,FBN rosters.doc/New YYork Oct 63_djvu.txt,.txt,8293,1f7ceff13711dc6476e0c1730fee32899fa8070bbb7c520ef20fe05e3142cceb,1f37524bde0cfe044c2d08b2a0d5f1a4bd735b7cd3249fd65e55b2b56a0ef212,,,8275,1514,460,1810;1829;1866;1912;1938;1963;1982;1986;2006,generated/normalized_text/P5-0085_FBN_rosters.doc_New_YYork_Oct_63_djvu.txt.txt,0,0,0,0,0,0,0,0,0,0,0,1,0,0,0,0,0,0,0
P5-0086,FBN rosters.doc/Rome Oct 1960_djvu.txt,.txt,2018,f9378dcc97a859def01154b36dcc85dc28852e4d6501268afeb262ca4358a62d,afba6e2cc8d2db4f19def5f8ad05c8edfa7105816d69637e07d46603f9ec7713,,,1984,324,117,,generated/normalized_text/P5-0086_FBN_rosters.doc_Rome_Oct_1960_djvu.txt.txt,0,0,0,0,0,0,0,0,0,0,0,0,0,0,0,0,0,0,0
P5-0087,georges Bayon_djvu.txt,.txt,5597,991dd405abe8c8ee164146044676ec15c1d3b5bf9742f5f99429c1f518ce560d,7d74a316f783af382d59f1357bd14745473b2afefd4dc6b0e00dcb9e27e09e80,,,5536,980,225,1955;1958;1967;1987,generated/normalized_text/P5-0087_georges_Bayon_djvu.txt.txt,0,0,0,0,0,0,0,0,0,0,0,5,0,0,0,0,0,0,0
P5-0088,Habib memos in pdf.doc/Habib 14 Dec 1966_djvu.txt,.txt,3075,c404bb47b2eeae2ac14e15d4f9dadca5151cf43808ab279953bee4b0ea3929e2,1ec95a59be7f5013ad93f101c724f10ac9378b7a926d3a4aa180f7471111f984,,,3073,507,91,1966,generated/normalized_text/P5-0088_Habib_memos_in_pdf.doc_Habib_14_Dec_1966_djvu.txt.txt,0,0,0,0,0,0,0,0,0,0,0,8,0,0,0,0,0,0,0
P5-0089,Habib memos in pdf.doc/Habib 16 Nov 1966_djvu.txt,.txt,1080,c762e67f0f7ec959534819d6407e701669bb4ce2f4e93d82f984945bf770e7f2,f16d4357adbff55a1a5871d6853382cecfa5c8add2067d9e6f05186b4f81a810,,,1078,166,61,1929;1966,generated/normalized_text/P5-0089_Habib_memos_in_pdf.doc_Habib_16_Nov_1966_djvu.txt.txt,0,0,0,0,0,0,0,0,0,0,0,1,0,0,0,0,0,0,0
P5-0090,Habib memos in pdf.doc/Habib 16 Sept 1966 Lucide CIA_djvu.txt,.txt,3205,2d752db322acc5ed4899c6977f7e99b8bd195ac512d70ccc250f2c68803e1f5a,bdf29ab2d49bdba1c0e5c8a9fe5c20b0cb45fd57a049e0209ff0fc6ccfd53946,,,3201,564,99,1966,generated/normalized_text/P5-0090_Habib_memos_in_pdf.doc_Habib_16_Sept_1966_Lucide_CIA_djvu.txt.txt,0,0,0,0,0,1,0,0,0,0,0,2,0,0,0,0,0,0,0
P5-0091,Habib memos in pdf.doc/Habib 17 Nov 1966_djvu.txt,.txt,1909,91a80730048e222c3212433f8968bfec0374527e2c4cd2c7a4d21ea73acfd5c3,8ef5c5ad56582a083bdb036fb137833314a091c227c8804ecd385195368a6218,,,1889,329,73,1966,generated/normalized_text/P5-0091_Habib_memos_in_pdf.doc_Habib_17_Nov_1966_djvu.txt.txt,0,0,0,0,0,0,0,0,0,0,0,1,0,0,0,0,0,0,0
P5-0092,Habib memos in pdf.doc/Habib 2 Sept 1966 Tran Ngor An_djvu.txt,.txt,7752,bcd4f78613c3032bea7ffa0facd7879dfadcd36253b1c9055154e8ef9b1efed4,8edbb0b1da3dc025eea1582ba90a5df1a9be46423b7acd2951a5e20f08059c2c,,,7746,1372,176,1966,generated/normalized_text/P5-0092_Habib_memos_in_pdf.doc_Habib_2_Sept_1966_Tran_Ngor_An_djvu.txt.txt,0,1,0,0,0,0,0,0,0,0,0,2,0,0,0,0,0,0,0
P5-0093,Habib memos in pdf.doc/Habib 20 July 1966 500 pound op_djvu.txt,.txt,5274,f8f066fc77ba414182a1115b421aeb8989486bb370c85d409259d46e338ab04b,369e0685cd023a8e96b5b50339538449e5d7bc2a8b022d652d3972ec6c8ee110,,,5259,935,96,1966,generated/normalized_text/P5-0093_Habib_memos_in_pdf.doc_Habib_20_July_1966_500_pound_op_djvu.txt.txt,0,0,0,0,0,0,0,0,0,0,0,4,2,0,0,0,0,0,0
P5-0094,Habib memos in pdf.doc/Habib 26 Sept 1966_djvu.txt,.txt,3955,bc79327d350a5af3f24c07ba740e321782db2884b02a1153958bb244a2bc2fef,3778d553340c63501d9181ce59705f1d5143e0e3834576074951a39079d7ab73,,,3951,667,122,1966,generated/normalized_text/P5-0094_Habib_memos_in_pdf.doc_Habib_26_Sept_1966_djvu.txt.txt,0,0,0,0,0,0,0,0,0,0,0,3,0,0,0,0,0,0,0
P5-0095,Habib memos in pdf.doc/Habib 27 Jan 1966 Sullivan_djvu.txt,.txt,9067,89efee85ff406db4cd4962f67c7def885c55c5c8bab2b1dd01e92c948d402ced,1a8ef1fc5735cfaffbbbceb823c1e62e1887fbf65290ec2bd4882d1890550e53,,,9058,1455,254,1965;1966,generated/normalized_text/P5-0095_Habib_memos_in_pdf.doc_Habib_27_Jan_1966_Sullivan_djvu.txt.txt,0,0,0,0,0,3,0,0,0,0,0,13,0,0,0,0,0,0,0
P5-0096,Habib memos in pdf.doc/Habib 28 July 1966 Waring OSI_djvu.txt,.txt,1774,72693bcc08fd971463db6dfd8170a401f99ee958fd01424f224ab6cb0bacec9e,7f8961bb525fc04f043af920636e4e3c3821eb7d14e27302f812b6eaeec9a8cb,,,1774,294,42,1966,generated/normalized_text/P5-0096_Habib_memos_in_pdf.doc_Habib_28_July_1966_Waring_OSI_djvu.txt.txt,0,0,0,0,0,0,0,0,0,0,0,1,2,0,0,0,0,0,0
P5-0097,Habib memos in pdf.doc/Habib 29 Sept 1966_djvu.txt,.txt,1810,3dba77c14a17f54d9336538a325b5c073eccd71ebd3086756fb88aee4c885a33,28b5a9a429f22fc8e1304bb40ff0f2d86acc2ef05166669f92f21cd47c127a23,,,1807,325,69,1966,generated/normalized_text/P5-0097_Habib_memos_in_pdf.doc_Habib_29_Sept_1966_djvu.txt.txt,0,0,0,0,0,0,0,0,0,0,0,1,0,0,0,0,0,0,0
P5-0098,Habib memos in pdf.doc/Habib 3 Jan 1966 Lilley_djvu.txt,.txt,6085,3511acb9fe944c0d859a3263b95ed845669b8ffa44f0e810d5ee86560cf28dc4,fee948d9dc7edadce2b7ebccec22a93a04da65b511ed1d5b4b527d2592c1a878,,,6081,1038,146,1963;1965;1966,generated/normalized_text/P5-0098_Habib_memos_in_pdf.doc_Habib_3_Jan_1966_Lilley_djvu.txt.txt,0,0,0,0,0,0,0,0,0,0,0,10,0,0,0,0,0,0,0
P5-0099,Habib memos in pdf.doc/Habib 5 Aug 1966 Jantzen_djvu.txt,.txt,1810,96480c90c73ec1fdacc9d5c7d7f4e5d449b8e426b952c944f2ad48fc211c86ba,93fa0922194f1a68fdf200f31691b357b25803ac9662f7f1d1e487f0c46ea224,,,1805,296,66,1966,generated/normalized_text/P5-0099_Habib_memos_in_pdf.doc_Habib_5_Aug_1966_Jantzen_djvu.txt.txt,0,0,0,0,0,0,0,0,0,0,0,1,1,0,0,0,0,0,0
P5-0100,Habib memos in pdf.doc/Habib 5 Oct 1966_djvu.txt,.txt,899,fc5edf4cb942b529a5701689cd43f1183de90223880dfde06a5bffd391424493,b21f29417a63485870755fc1f0667e2295a7d28a2f16425b4a2e44d7bf94e4ab,,,899,145,53,1918;1964;1966,generated/normalized_text/P5-0100_Habib_memos_in_pdf.doc_Habib_5_Oct_1966_djvu.txt.txt,0,0,0,0,0,0,0,0,0,0,0,2,0,0,0,0,0,0,0
P5-0101,Habib memos in pdf.doc/Habib Rouzic 15 May 1971 memo_djvu.txt,.txt,47747,8949e12948911ca29245f91525ae2915cc350d06e490254eeb2616887270ff7d,39e4152517d519f45191f227891151fc1b6b755ba69d06ce16e896c40fed33ed,,,47719,8135,1148,1928;1946;1947;1949;1954;1956;1958;1960;1961;1962;1963;1966;1967;1968;1969;1971,generated/normalized_text/P5-0101_Habib_memos_in_pdf.doc_Habib_Rouzic_15_May_1971_memo_djvu.txt.txt,0,0,0,0,0,1,0,0,0,0,0,10,0,0,0,0,0,0,0
P5-0102,Knight re Khoury Blemant 59 (2)_djvu.txt,.txt,16491,116c41ed858ae8957b9e1ebd017ad9dc98a9461cce9c175c84599b10312a3656,3ae3bd2e351841ab94e538180db07d004ecf2a190fd037056dd37fa1dcd07cf4,,,16446,3040,378,1959,generated/normalized_text/P5-0102_Knight_re_Khoury_Blemant_59_2__djvu.txt.txt,0,0,0,0,0,0,0,0,0,0,0,7,0,0,0,0,0,0,0
P5-0103,MKULTRA pdfs/24 March 69 meeting with BNDD_djvu.txt,.txt,2703,4978fce718ec388829b08e14b0ce5a1e68cf3d9575634dfd2404efef29b92e74,cee2ccd9e9011696b38cbf4344b55d57385235f3b60c4beea56832253ef898a2,,,2682,438,131,1968;1969,generated/normalized_text/P5-0103_MKULTRA_pdfs_24_March_69_meeting_with_BNDD_djvu.txt.txt,0,0,0,1,0,0,0,0,0,0,0,3,1,0,0,0,0,0,0
P5-0104,MKULTRA pdfs/Califano to Turner Jun 79_djvu.txt,.txt,2006,4ad9ba6886725a7e021401d0c1f6344b2b14efd4193d21171cedf4312dd62818,7f4397c43f70659858c4d163561cf13b27a4b1de31dd7613da24235fd9e72508,,,2006,320,59,1979,generated/normalized_text/P5-0104_MKULTRA_pdfs_Califano_to_Turner_Jun_79_djvu.txt.txt,0,7,0,0,0,0,0,0,0,0,0,0,1,0,0,0,0,0,0
P5-0105,MKULTRA pdfs/CCS Files Conein 28 Dec 77_djvu.txt,.txt,1675,1478e2bbc658f82623c39e24db41c236e753004ab0f3a414e1574bd08fd5490d,a96232440e9059f42f54e4d7b8d2135d3c5c7da2a87a382211fa4ec564eb4d6e,,,1661,288,74,1968,generated/normalized_text/P5-0105_MKULTRA_pdfs_CCS_Files_Conein_28_Dec_77_djvu.txt.txt,0,1,0,0,0,0,0,0,0,0,0,0,0,0,0,0,0,0,0
P5-0106,MKULTRA pdfs/CIA to Bensinger notifying victims_djvu.txt,.txt,20085,5695968119ecf3d025bd7646e8328e6ea3972bf66235ad4e92acf075443a5e4f,1e3d21f98888ecd870ce15eec57f33c7363c244b077d7214b64cc422f167c102,,,20053,3232,474,1955;1956;1957;1958;1963;1977,generated/normalized_text/P5-0106_MKULTRA_pdfs_CIA_to_Bensinger_notifying_victims_djvu.txt.txt,0,31,0,0,2,0,0,0,7,0,0,3,3,0,0,0,0,0,0
P5-0107,MKULTRA pdfs/DEA MKULTRA FOIA_djvu.txt,.txt,2187,3dbff2dc89c76801a2d0f972770d7b6371a6a9452d43d6b0364041c59409b12f,7f68478a0830cd2875ccc6a7135e5775618c822955f6830384e42ade7b73c9a9,,,2187,351,73,,generated/normalized_text/P5-0107_MKULTRA_pdfs_DEA_MKULTRA_FOIA_djvu.txt.txt,0,0,0,0,9,0,0,0,1,0,0,0,0,0,0,0,0,0,0
P5-0108,MKULTRA pdfs/Gottlieb 1967 memo_djvu.txt,.txt,11234,318c2458c4fdcf1c67f03bbf9e7a7196c88bc75f6ea86d86a48d15dd281d514c,cc992fd590f010cc4472007bd1d6a7b9a2c8ba5333b45285b030a9f4c492bd8e,,,11025,1935,344,1955,generated/normalized_text/P5-0108_MKULTRA_pdfs_Gottlieb_1967_memo_djvu.txt.txt,0,3,0,0,0,0,0,0,0,0,0,14,0,0,0,0,0,0,0
P5-0109,MKULTRA pdfs/Hammond to AG 24 Jan 79_djvu.txt,.txt,1478,4914a2c9bfbe86089eacb72c7ef02266528e5f63ab6cb23e4a5dc7351f3212e3,cb8c5e2966734d70997ffd85733d9b1ec87c4e8bcbf56799a3d7ad46c4a4b85b,,,1470,223,56,1975,generated/normalized_text/P5-0109_MKULTRA_pdfs_Hammond_to_AG_24_Jan_79_djvu.txt.txt,0,2,0,0,5,0,0,0,0,0,0,1,0,0,0,0,0,0,0
P5-0110,MKULTRA pdfs/Helms unwitting testing Dec 63_djvu.txt,.txt,5087,74ca384b453497f2b048151c974f0c6cdb2d6df858cba73193b9383b629d1e3b,673fba996d0c74ff30142d167c4c55ef7d0c7f872c0e1b768fe29d984fc40c51,,,4995,945,198,,generated/normalized_text/P5-0110_MKULTRA_pdfs_Helms_unwitting_testing_Dec_63_djvu.txt.txt,0,0,0,0,0,0,0,0,0,0,0,0,0,0,0,0,0,0,0
P5-0111,MKULTRA pdfs/Helms unwitting undated_djvu.txt,.txt,3547,fdeeceff535199c5d207f5b25fe47257add08860408efa81e61ca0b835028ee0,cd58ba101eb77b75c369fe4626ac5faf16d505b8c47f4627ae9fdd9c3d84ea5b,,,3429,535,290,,generated/normalized_text/P5-0111_MKULTRA_pdfs_Helms_unwitting_undated_djvu.txt.txt,0,0,0,0,0,0,0,0,0,0,0,2,3,0,0,0,0,0,0
P5-0112,MKULTRA pdfs/HES Perry to Wiltse re Panaeolus June 79_djvu.txt,.txt,2880,6690d7e67bda5e1b1e2e4599f143e86a8603b660e8b0f4a364db6e66df3f0214,4b83400fa077dce5c40a6891e5bbe7af313bb98d59936d020f0ae827b1c17f15,,,2880,446,130,1965;1968;1970;1973;1975;1976;1977;1979,generated/normalized_text/P5-0112_MKULTRA_pdfs_HES_Perry_to_Wiltse_re_Panaeolus_June_79_djvu.txt.txt,0,1,0,0,0,0,0,0,0,0,0,0,1,0,0,0,0,0,0
P5-0113,MKULTRA pdfs/Lansdale-memo 16 March 62_djvu.txt,.txt,4569,04006f5809040abe63c7f9eba267de218d8bd87d02707dfbd717671e85f87701,18c3e743f47d1224211a5d8068ddb62e3355bb4166dd4e5c383fb55634b45187,,,4557,771,86,1961;1962;1994,generated/normalized_text/P5-0113_MKULTRA_pdfs_Lansdale-memo_16_March_62_djvu.txt.txt,0,9,0,0,0,0,0,0,0,0,0,0,1,1,0,0,0,0,0
P5-0114,MKULTRA pdfs/Lapham as AG to CIA July  78_djvu.txt,.txt,4980,35d8c8580daf441bb53c095ad99cb7d8c1320af151448325c38a9d735c11323b,9af46eae751bf031d59025510f969b586afce19408b0db72a8b2c30b25b458cf,,,4953,799,213,,generated/normalized_text/P5-0114_MKULTRA_pdfs_Lapham_as_AG_to_CIA_July_78_djvu.txt.txt,0,1,0,0,0,0,0,0,0,0,0,0,0,0,0,0,0,0,0
P5-0115,MKULTRA pdfs/Laubinger to Wiltse to DDA 9 March 79_djvu.txt,.txt,5027,220a065df7fbcd35b1bc7a980f0da820c461b60e76a509b0d2f8525fe4c46145,779726d589dd6288fe3365e44d50138d896128bae96157f3991488292ada6c07,,,5023,826,154,1978,generated/normalized_text/P5-0115_MKULTRA_pdfs_Laubinger_to_Wiltse_to_DDA_9_March_79_djvu.txt.txt,0,11,0,0,9,0,0,0,1,0,0,0,1,0,0,0,0,0,0
P5-0116,MKULTRA pdfs/Mertz re Siragusa_djvu.txt,.txt,1088,81b87685b0f0c8b992404c7660114e8a8ed8c0ad44bbd024b6ff908c351d3817,1bac07efd3055a9bfbb621b3a8de6b6de384add124ad9ed82a84995dd864b21b,,,1088,190,37,,generated/normalized_text/P5-0116_MKULTRA_pdfs_Mertz_re_Siragusa_djvu.txt.txt,0,0,0,0,0,0,0,0,0,0,0,0,0,0,0,0,0,0,0
P5-0117,MKULTRA pdfs/Michie memo 24 March 77_djvu.txt,.txt,9655,65933e23a3815f2ab3de6edba2fd1adb51f414e5419b7b3de1c9a766f444de95,7926cfd2a85b8082510527146d763cd17d6d4b0da3e60cb7b62cfb08c4a27838,,,9557,1758,357,1959;1962;1963,generated/normalized_text/P5-0117_MKULTRA_pdfs_Michie_memo_24_March_77_djvu.txt.txt,0,16,6,0,0,0,0,0,0,0,0,1,0,1,0,0,44,0,0
P5-0118,MKULTRA pdfs/MKULTRA old files/MKULTRA folder.doc/Hammond Victims_djvu.txt,.txt,1451,e67e63224fd4ea3632cf002d2dcb23e54e3272416665bfa5c17dc7ff68ba1b5b,2d459a6796122d6150535d2116804d0de38e813e0b712d7c5f6e0e510c5731da,,,1448,225,50,1973,generated/normalized_text/P5-0118_MKULTRA_pdfs_MKULTRA_old_files_MKULTRA_folder.doc_Hammond_Victims_djvu.txt.txt,0,2,0,0,5,0,0,0,0,0,0,1,0,0,0,0,0,0,0
P5-0119,MKULTRA pdfs/MKULTRA old files/MKULTRA folder.doc/Victims Task Force_djvu.txt,.txt,17113,60186a86ea421a21cb64093f0230d35ab9278ae3e8ec02c63b880251741092a4,7f7c2630eae4fd8cbb428ed3e93d264e673c0941059bdae3bfb1410ac5ddf8fd,EXACT-007,NORM-009,17097,2770,527,1950;1953;1960;1966;1971;1973;1977;1978;1979,generated/normalized_text/P5-0119_MKULTRA_pdfs_MKULTRA_old_files_MKULTRA_folder.doc_Victims_Task_Force_djvu.txt.txt,0,47,5,0,28,0,0,0,8,2,0,2,5,0,0,0,0,0,0
P5-0120,MKULTRA pdfs/Salmi memo MKULTRA 27 Feb 79_djvu.txt,.txt,17113,60186a86ea421a21cb64093f0230d35ab9278ae3e8ec02c63b880251741092a4,7f7c2630eae4fd8cbb428ed3e93d264e673c0941059bdae3bfb1410ac5ddf8fd,EXACT-007,NORM-009,17097,2770,527,1950;1953;1960;1966;1971;1973;1977;1978;1979,generated/normalized_text/P5-0120_MKULTRA_pdfs_Salmi_memo_MKULTRA_27_Feb_79_djvu.txt.txt,0,47,5,0,28,0,0,0,8,2,0,2,5,0,0,0,0,0,0
P5-0121,MKULTRA pdfs/Salmi to file 27 Feb 79_djvu.txt,.txt,5006,7b93e1b19a2bbe938a8eb710edbdc3f8d42c217b306dbda8bbd5f57ec797d42d,e640606f7aaa7455ecea0d54a72ceb40dde7a479a43ba1913d674edac893b99b,,,4977,846,168,1953;1966;1977;1978;1979,generated/normalized_text/P5-0121_MKULTRA_pdfs_Salmi_to_file_27_Feb_79_djvu.txt.txt,0,21,4,0,10,0,0,0,4,1,0,1,1,0,0,0,0,0,0
P5-0122,MKULTRA pdfs/Salmi to file 7 May 79_djvu.txt,.txt,2290,e726f30cf00af89c80d6a45affadc15a5441c603d8a544cd54a6b96d94a486d8,9407d0cd5cf349959089086497087aa569f7d4b1d0e52b972ae288d8b08d812f,,,2286,389,79,1979,generated/normalized_text/P5-0122_MKULTRA_pdfs_Salmi_to_file_7_May_79_djvu.txt.txt,0,9,1,0,0,0,0,0,0,0,0,0,1,0,0,0,0,0,0
P5-0123,MKULTRA pdfs/Turner to Bell 6 July 79_djvu.txt,.txt,1968,b03393f22883283d2d02b0d4959d9c4206fe9101c16ee15021769131accf5852,5a732096fd13a9c6abb5b6cb80d7505254d41da20e00db7b0c8de135955de876,,,1962,318,63,1979,generated/normalized_text/P5-0123_MKULTRA_pdfs_Turner_to_Bell_6_July_79_djvu.txt.txt,0,1,0,0,2,0,0,0,1,1,0,0,1,0,0,0,0,0,0
P5-0124,MKULTRA pdfs/Turner to Bensinger 6 July 79_djvu.txt,.txt,1201,be8328191866eb17901033b0cfa5ad8c7f85669d7242f14d7dbb89a51733621b,8bc074dfa77074f271e550cf2595adabdce18dde9709909398dd380e92e9df96,,,1201,184,46,1950;1960,generated/normalized_text/P5-0124_MKULTRA_pdfs_Turner_to_Bensinger_6_July_79_djvu.txt.txt,0,1,0,0,1,0,0,0,1,0,0,0,1,0,0,0,0,0,0
P5-0125,MKULTRA pdfs/Turner to Califano Jan 79_djvu.txt,.txt,2257,9192b6e25f756b6b135862efb75ae80613c713d510f93e039e62620202637d39,078cd6555030a60edf560aa00eb27cd12396f06a15163e4f6be67ab681b951ab,,,2257,367,74,,generated/normalized_text/P5-0125_MKULTRA_pdfs_Turner_to_Califano_Jan_79_djvu.txt.txt,0,3,0,0,0,0,0,0,0,0,0,0,0,0,0,0,0,0,0
P5-0126,Olivera Chile-CIA sept 51 (2)_djvu.txt,.txt,19307,a7b7fb7b9e5babb1c1b34816b4a4d7ab8733781b4223262f48689c03d39de690,5c91c6cc1e3ca13a204abeb53a83d9eba707404c99416bbd27f7003cdd0bc55d,,,19268,3134,556,1950;1951;2001,generated/normalized_text/P5-0126_Olivera_Chile-CIA_sept_51_2__djvu.txt.txt,0,1,0,0,0,0,0,0,0,0,0,3,1,0,0,0,0,0,0
P5-0127,Pahlevi Iran.doc/Garland Williams 1959_djvu.txt,.txt,82583,37eb9fbb081490e32303f59931d99e3f4077bf33ab5d9cdee0468812f61b44f3,e4ddb2e7d5db92cbfdeb84c19719be3b83a9787ab8330c49800877b3a8467dd0,EXACT-005,NORM-016,81841,13694,1877,1804;1949;1951;1955;1958;1959,generated/normalized_text/P5-0127_Pahlevi_Iran.doc_Garland_Williams_1959_djvu.txt.txt,0,1,0,0,0,0,0,0,0,0,0,89,4,0,0,0,0,0,0
P5-0128,Pahlevi Iran.doc/Iran 1955_djvu.txt,.txt,4717,3bd469b9dbf391eddf213a6cdb9508393517541ba896ce90ba0641c3d6b2f658,9530c386456c6dff0d1a8cb7d7dd0caad1cdf66eb66fc2c4616937ddfae7b558,,,4662,800,173,,generated/normalized_text/P5-0128_Pahlevi_Iran.doc_Iran_1955_djvu.txt.txt,0,0,0,0,0,0,0,0,0,0,0,1,0,0,0,0,1,0,0
P5-0129,Pahlevi Iran.doc/Pahlevi 1-12-53_djvu.txt,.txt,1437,d0b703932e8bfe08a8928f407d54a1a5acac6b771b1c2454c579586c445b6007,f604ac27cf627cba1fa7c6f2e4f617068c8ae636f492ed4ec83c8a3444e8e0ca,,,1419,251,29,1953,generated/normalized_text/P5-0129_Pahlevi_Iran.doc_Pahlevi_1-12-53_djvu.txt.txt,0,0,0,0,0,0,0,0,0,0,0,2,0,0,0,0,0,0,0
P5-0130,Pahlevi Iran.doc/Pahlevi 6-12-53_djvu.txt,.txt,13738,fafce2122a0013fc5937124dfe6da092e4bd2eee6510b7c9c628e57f4b73f2cd,3d74a5960494787d8b10ee26eec4ddf41d5e43879d449434d4272ba7498abf78,,,13701,2343,327,,generated/normalized_text/P5-0130_Pahlevi_Iran.doc_Pahlevi_6-12-53_djvu.txt.txt,0,0,0,0,0,0,0,0,0,0,0,0,0,0,0,0,1,0,0
P5-0131,Pahlevi Iran.doc/Pahlevi 7-23-53_djvu.txt,.txt,2496,e18df0cd405be743c9c6e2bbf1791528acf6cd6daa55e5081b2a7174a930896e,02fe50beb421d7e98379f8d1cd4d423df273f8716db3b639eceb8a0f7ddbfaee,,,2473,410,116,,generated/normalized_text/P5-0131_Pahlevi_Iran.doc_Pahlevi_7-23-53_djvu.txt.txt,0,0,0,0,0,0,0,0,0,0,0,1,0,0,0,0,0,0,0
P5-0132,Pahlevi Iran.doc/Pahlevi thru Dec 53_djvu.txt,.txt,14308,509291327020625e5362101cd3540e988ce628690b159cf540134251829d0368,f91273173a5c8c5fe9ff336c28137c90f88d2d8c084926e73898e15c52b7059a,,,14108,2333,573,1951;1953,generated/normalized_text/P5-0132_Pahlevi_Iran.doc_Pahlevi_thru_Dec_53_djvu.txt.txt,0,0,0,0,0,0,0,0,0,0,0,24,0,0,0,0,3,0,0
P5-0133,Pahlevi Iran.doc/Pahlevi-Iran 54_djvu.txt,.txt,19673,a5cd9e8bdb483f4a7acbd10b0b21bfb773e419ac46afacc87ce32fa47e67c3c7,2dbb2f3e4b906ba8a80ae721ba75e6531cc3163ae250e1bc691981455799335b,,,19337,3405,855,1904;1911;1913;1921;1949;1952;1953;1954,generated/normalized_text/P5-0133_Pahlevi_Iran.doc_Pahlevi-Iran_54_djvu.txt.txt,0,0,0,0,0,0,0,0,0,0,0,17,0,0,0,0,3,0,0
P5-0134,Pahlevi Iran.doc/Siragusa to HJA re Pahlevi Feb 54_djvu.txt,.txt,2170,c8fb04cf75683a3c90453491f56dbd0b36b3f9c14d1c5d025fca4bf161a21eb9,4c9efa2993a47099fb6dcfe0005da0a5a0cef1d4e3510feb869f7089aacbdaef,,,2089,416,91,,generated/normalized_text/P5-0134_Pahlevi_Iran.doc_Siragusa_to_HJA_re_Pahlevi_Feb_54_djvu.txt.txt,0,0,0,0,0,0,0,0,0,0,0,0,0,0,0,0,0,0,0
P5-0135,Pohl/August 19 1968 Douheret Interview_djvu.txt,.txt,3881,9009d0e5ae135704fcd103b6165512fb8fa8ad57794e4bf2014576eee9de5fb2,8ede9aa42c6bb8be60b6d6d9f184dde7cc60923760d0d75d8bb0ca049d19ba01,EXACT-012,NORM-011,3860,619,200,1968,generated/normalized_text/P5-0135_Pohl_August_19_1968_Douheret_Interview_djvu.txt.txt,0,0,0,0,0,0,0,0,0,0,0,4,0,0,0,0,0,0,0
P5-0136,Pohl/August 19 1968 Nebbia Interview_djvu.txt,.txt,5002,292250690766e903580565517771e9e44663db728cf2d6466aab88be79a835e7,e99fdc87a4d2b7664e8a074968971ce03d5d993058661ed3c19079f4a24cf187,EXACT-002,NORM-017,4969,858,245,1968,generated/normalized_text/P5-0136_Pohl_August_19_1968_Nebbia_Interview_djvu.txt.txt,0,0,0,0,0,0,0,0,0,0,0,4,0,0,0,0,0,0,0
P5-0137,Pohl/August 7 1968 Nebbia Interview_djvu.txt,.txt,6906,863eac9db6a1f909619eebc850bec92ef1fbfb4752244a8de6e92b264114c6b8,0ca4c0b45d27458b0d15e6129e4fc27ca7d7c0dadc27dc38fb11cb625d595118,EXACT-009,NORM-001,6887,1150,203,1954;1960;1963;1964;1968,generated/normalized_text/P5-0137_Pohl_August_7_1968_Nebbia_Interview_djvu.txt.txt,0,0,0,0,0,0,0,0,0,0,0,6,0,0,0,0,0,0,0
P5-0138,Pohl/August 8 1968 Douheret Interview_djvu.txt,.txt,13254,e8014e4d958ccac992cb21e18bf24c0fe4a45d09d0e136efe839d2950faf805d,5d5e420e2a0f91acb5e310799161c3a5283229da7b9f30a2672de1b33832e9a1,,,13232,2194,296,1958;1959;1962;1964;1968;1988,generated/normalized_text/P5-0138_Pohl_August_8_1968_Douheret_Interview_djvu.txt.txt,0,0,0,0,0,0,0,0,0,0,0,0,0,1,0,0,0,0,0
P5-0139,Pohl/August 8 1968 Luccarotti Interview_djvu.txt,.txt,1615,d38827c7828a0751a0a337d66681a508e5328306a84c6ba779bf9f21b8bbc5d6,acbe8634e4267b3dec99f5edccf938b50aa3d83c2f87751ef20e7bf82eeccafd,,,1613,268,59,1968,generated/normalized_text/P5-0139_Pohl_August_8_1968_Luccarotti_Interview_djvu.txt.txt,0,0,0,0,0,0,0,0,0,0,0,1,0,0,0,0,0,0,0
P5-0140,Strength of the wolf.htm,.htm,1563644,32617e03f151cd90af7abc4dbc23e781acea1e9b9be4b62006e5c09e6db11864,0d09c65c7b8f3f0d1e79d5110c1c4f0970b0fa06e48709c3bcf6852d78b6f606,,,1377879,233230,29709,1897;1899;1900;1902;1904;1906;1912;1914;1915;1916;1917;1918;1919;1920;1921;1922;1923;1924;1925;1926;1927;1928;1929;1930;1931;1932;1933;1934;1935;1936;1937;1938;1939;1940;1941;1942;1943;1944;1945;1946;1947;1948;1949;1950;1951;1952;1953;1954;1955;1956;1957;1958;1959;1960;1961;1962;1963;1964;1965;1966;1967;1968;1969;1970;1971;1972;1973;1974;1975;1976;1977;1978;1979;1980;1981;1982;1983;1984;1985;1987;1988;1989;1990;1991;1992;1993;1994;1995;1996;1997;1998;1999;2000;2003;2004;2022,generated/normalized_text/P5-0140_Strength_of_the_wolf.htm.txt,0,1021,1127,72,27,1,12,2,114,6,25,616,201,51,0,24,333,44,5
P5-0141,Strickler Casey CIA doc.doc/casey1_djvu.txt,.txt,6645,bccd72ec61b6aa6fd49dd56ce9d9f87ae2ade753dc737bb1d3815739cb0e923f,4582a6d4f82eb74b207a71adf3e73c1eea23a9fb108435c6652e8ba3792c235c,,,6642,1003,156,1976,generated/normalized_text/P5-0141_Strickler_Casey_CIA_doc.doc_casey1_djvu.txt.txt,0,23,0,1,20,0,0,0,0,0,0,3,9,0,0,0,0,0,0
P5-0142,Strickler Casey CIA doc.doc/Strickler CIA_djvu.txt,.txt,12049,c1b04b384f24143c5e7b1b4e88ebae5cc8dabf0388395e94b30828d4346201a4,c94b4b85e4ee67a809d5710e2a8658f5a9725905bc0bde89afae5f0b14c86b7a,,,12037,1822,395,1975;1977,generated/normalized_text/P5-0142_Strickler_Casey_CIA_doc.doc_Strickler_CIA_djvu.txt.txt,0,34,0,0,28,0,0,0,0,0,2,3,29,5,0,0,0,0,0
P5-0143,Talent to HJA Nov 46 Chinese in Mexico_djvu.txt,.txt,12101,e3f49d611824367a0d15c31c628ce77cf0f905b531262dea0aa01059a89764c6,6558e35df6c5fc3013fcedb5c99b220681fddc2fab973d14d842d67131020764,,,12070,2019,341,1946,generated/normalized_text/P5-0143_Talent_to_HJA_Nov_46_Chinese_in_Mexico_djvu.txt.txt,0,0,0,0,0,0,0,0,0,0,0,7,0,0,0,0,0,0,0
P5-0144,The CIA as Organized Crime _ How Illegal Operations Corrupt America and the World_djvu.txt,.txt,997820,e0ddb54f7d9466d1ec3edd88ab02c6905acc7fd6891fada6926c33087a7fbdae,c71183728e792421e97e4f47de07fc7495dcd7ae0a4effbadc5222edf4d4f122,EXACT-019,NORM-014,984724,160309,22789,1800;1835;1839;1842;1848;1912;1914;1917;1920;1927;1928;1929;1930;1932;1934;1935;1937;1938;1939;1940;1942;1943;1944;1945;1946;1947;1948;1949;1950;1951;1952;1953;1954;1955;1957;1958;1960;1961;1962;1963;1964;1965;1966;1967;1968;1969;1970;1971;1972;1973;1974;1975;1976;1977;1978;1979;1980;1981;1982;1984;1985;1986;1987;1988;1989;1990;1991;1992;1993;1994;1995;1996;1998;1999;2000;2001;2002;2003;2004;2005;2006;2007;2008;2009;2010;2011;2012;2013;2014;2015;2016;2017,generated/normalized_text/P5-0144_The_CIA_as_Organized_Crime___How_Illegal_Operations_Corrupt_America_and_the_World_djvu.txt.txt,0,1786,73,77,133,9,4,1,6,12,86,108,341,73,0,47,16,2,24
P5-0145,The CIA as Organized Crime _ How Illegal Operations Corrupt_djvu.txt,.txt,997820,e0ddb54f7d9466d1ec3edd88ab02c6905acc7fd6891fada6926c33087a7fbdae,c71183728e792421e97e4f47de07fc7495dcd7ae0a4effbadc5222edf4d4f122,EXACT-019,NORM-014,984724,160309,22789,1800;1835;1839;1842;1848;1912;1914;1917;1920;1927;1928;1929;1930;1932;1934;1935;1937;1938;1939;1940;1942;1943;1944;1945;1946;1947;1948;1949;1950;1951;1952;1953;1954;1955;1957;1958;1960;1961;1962;1963;1964;1965;1966;1967;1968;1969;1970;1971;1972;1973;1974;1975;1976;1977;1978;1979;1980;1981;1982;1984;1985;1986;1987;1988;1989;1990;1991;1992;1993;1994;1995;1996;1998;1999;2000;2001;2002;2003;2004;2005;2006;2007;2008;2009;2010;2011;2012;2013;2014;2015;2016;2017,generated/normalized_text/P5-0145_The_CIA_as_Organized_Crime___How_Illegal_Operations_Corrupt_djvu.txt.txt,0,1786,73,77,133,9,4,1,6,12,86,108,341,73,0,47,16,2,24
P5-0146,"The Strength of the Pack_ The Personalities, Politics and Espionage Intrigues That Shaped the DEA_djvu.htm",.htm,1498805,515a41c2ea0bf09a2c33394d0dc33f0d15b07341e7b2d80e061a8d447351ee25,868f46a218591e23e8004ce54c85fcc7241876bffe6318b3e1212afbf8aeb8fd,,,1317491,218650,29474,1811;1863;1893;1896;1914;1919;1930;1934;1939;1940;1941;1943;1945;1947;1948;1949;1950;1951;1952;1953;1954;1955;1956;1957;1958;1959;1960;1961;1962;1963;1964;1965;1966;1967;1968;1969;1970;1971;1972;1973;1974;1975;1976;1977;1978;1979;1980;1981;1982;1983;1984;1985;1986;1987;1988;1989;1990;1991;1992;1993;1994;1995;1996;1997;1998;1999;2000;2001;2002;2003;2004;2005;2006;2007;2008;2009;2018,generated/normalized_text/P5-0146_The_Strength_of_the_Pack__The_Personalities_Politics_and_Espionage_Intrigues_That_Shaped_the_DEA_djvu.htm.txt,1,1557,267,816,956,8,9,2,42,28,73,433,664,94,0,191,44,1,6
P5-0147,Tony Triponi memos 74_djvu.txt,.txt,14074,1933a969369c8e2bf3f832af24acf46f1e85c88c6663c70652c0dd336e6adc89,639adf3b1e8b7c74ed4327099f03d8427fb1f77cf6a5cc7394ff758677f60973,,,14014,2439,299,1973;1974,generated/normalized_text/P5-0147_Tony_Triponi_memos_74_djvu.txt.txt,0,0,0,0,0,0,0,0,0,0,0,0,0,2,0,0,0,0,0
P5-0148,Water gate.doc/colson memos cia bennett and woodward3_djvu.txt,.txt,4,545c38b0922de19734fbffde62792c37c2aef6a3216cfa472449173165220f7d,e3b0c44298fc1c149afbf4c8996fb92427ae41e4649b934ca495991b7852b855,,,4,0,4,,generated/normalized_text/P5-0148_Water_gate.doc_colson_memos_cia_bennett_and_woodward3_djvu.txt.txt,0,0,0,0,0,0,0,0,0,0,0,0,0,0,0,0,0,0,0
P5-0149,Water gate.doc/dean_and_krogh_relationship1[1]_djvu.txt,.txt,4114,1975de33c8a0daca45d837bbbee989693d68416fa8ba99700b0a9b560e6a22bd,5e366319f6955e4fbd00362ecd52fba6caa4515bfb2b7bca8be000a9073af81d,,,4108,655,173,1970,generated/normalized_text/P5-0149_Water_gate.doc_dean_and_krogh_relationship1_1__djvu.txt.txt,0,0,0,0,0,0,0,0,0,0,0,0,0,1,0,0,0,0,0
P5-0150,Water gate.doc/dean_out_of_country1[1]_djvu.txt,.txt,914,1ed70e8471fb5c1557b443dbdbf72b3de8cdff4b1faf1d31b55d2bfc4b87aad8,8a29e8c21094e6be2cb847e0b7edb6f2cab9f4d99e5bd7f5768f27394b852980,,,914,153,30,,generated/normalized_text/P5-0150_Water_gate.doc_dean_out_of_country1_1__djvu.txt.txt,0,0,0,1,0,0,0,0,0,0,0,1,0,0,0,0,0,0,0
P5-0151,Water gate.doc/john_dean_resume[1]_djvu.txt,.txt,4128,0cb9fdb50eb303cd6b66a71adb20c019cfa1e3d5db108d7edc41a9ac7de58eb6,431c54c07c1aa8e5c5bb3333fddfa1d41f53a1973f0803afd343fc9dcbfbd4a5,,,4066,632,202,1954;1956;1957;1959;1961;1964;1965;1966;1967;1969;1970;1981;1982,generated/normalized_text/P5-0151_Water_gate.doc_john_dean_resume_1__djvu.txt.txt,0,0,0,0,0,0,0,0,0,0,0,0,0,0,0,0,0,0,0
P5-0152,Water gate.doc/land_reform_and_colson[1]_djvu.txt,.txt,1273,8d6c694c4ae5e8c50daa6c3049ee5546e4aeedb62b9f60743ac31650d945d85c,e234a0ad84a6cbb8ad55bb72966bb68ca9da086575dbeb16a30291c3f1950bf9,,,1273,225,62,1969;1970,generated/normalized_text/P5-0152_Water_gate.doc_land_reform_and_colson_1__djvu.txt.txt,0,0,0,0,0,0,0,0,0,0,0,0,1,0,0,0,0,0,0
P5-0153,Water gate.doc/missing_krogh_files[1]_djvu.txt,.txt,1474,1f0a4ea7b52dc3582cae8c2a5600825993ea0bf651e3776a5d3826e5dba37bda,9fdafd7c580664a79dc619ecba4a0020a24b7119b0ee25a08c03758a71f270a7,,,1461,245,60,1973;1974;1983,generated/normalized_text/P5-0153_Water_gate.doc_missing_krogh_files_1__djvu.txt.txt,0,0,0,0,0,0,0,0,0,0,0,0,0,0,0,0,0,0,0
P5-0154,william specter_djvu.txt,.txt,1481,ee86a3255efecdff97b4e531ba0c6620626cd7f53184214442d516cd392c6121,a95ac1d38100fa17b73cbede8ad2631a9b06dc39e43305bea044265e544f3ff7,,,1370,234,87,,generated/normalized_text/P5-0154_william_specter_djvu.txt.txt,0,0,0,2,0,0,0,0,0,0,0,3,0,0,0,0,0,0,0
P5-0155,Williams/Garland Williams 1959_djvu.txt,.txt,82583,37eb9fbb081490e32303f59931d99e3f4077bf33ab5d9cdee0468812f61b44f3,e4ddb2e7d5db92cbfdeb84c19719be3b83a9787ab8330c49800877b3a8467dd0,EXACT-005,NORM-016,81841,13694,1877,1804;1949;1951;1955;1958;1959,generated/normalized_text/P5-0155_Williams_Garland_Williams_1959_djvu.txt.txt,0,1,0,0,0,0,0,0,0,0,0,89,4,0,0,0,0,0,0
