{0}	Approved ForRelease 200 IA-RDP80B010&3A000100120014-7 FOR: TEROIEH: SUBJECT : May 1962 Deputy Director (Intelligence ) Assistant Director for National Estimates Military Geography as Essential Intelligence for Counterinsurgency I-EIB-D-63.6/1, dated 30 April 1962, subject: Intelligence Required for Counterinsurgency I. The JCS memorandurn that forms the main substantive content of IEIB-D-63.6/1 purports to indicate "the essential elements of information relating to any country or area in which an insurgency or incipient insurgency exists . It makes no mention, however, of physical environmental factors as essential elements of inforrnation required for counterinsurgency progranming and operations . 2. We assume that this gap can only be the result of an unintentional oversight on the part of the drafters of the JCS memorandum. The experiences of counterinsurgency operations in Malaya, the Philippines, and currently in Laos and South Vietnam, provide ample evidence of the essentiality of information concerning terrain, natural vegetation, climatic conditions, settlement patterns , and other elements of the environment for counterinsurgency actions . 3. It is recormended that when the reference paper is considered by IEIB, a proposal be submitted to add to the JCS-proposed list of Essential Elements of Information for Counterinsurgency Actions the following item: What are the characteristics of the significant physical environmental factors of the country that must be Imown for the conduct of counterinsurgency FOR ASSISTÆE DIRECTOR, RESEARCH AND REPORTS: DIA review(s) completed. C Enclosure : Referenced Document 25X1 JÆ„ES A. BRÆ.MELL ef, Geographic Research Approved For Release -R GROUP 1 Exc\ådcd P80B0108-3A 00100120014-7
{0}	Approved For Release 2005104122 • . CIA-RDP80B01083A000100120014-7 6-8 (U) Intel-ilaeoee Reqalmd far Aeti— 5 • Inteliieæoe for far Activities, ot for He DIR, A, to coulåer the 118t iD • Intelligence be aniloa to a 39 (CI) it u oe (GI) (ins to for (N B). C) letter to lint ot ue cætrlu D) be Rm.iü dso eq t.o E). •ceor oe eat—I in are Approved For Release 2005/04/22 : CIA-RDP80B01083A000100120014-7
{0}	Approved For Release 2005/04/22 : CIA-RDP80é01083A000100120014-7 I 'c not yet. been a". i.nt.eret; thoae unt aro are yearc ow '#ven by tbe to 2 ncreagc I a bagtc b' thc rev Dot u ach«.hüed. It be to —Itie. to yet me intai.i1Fseo ecnEtty 18 500) to buic It to mat. reextr•ecnt• of in Btr•t.eoc (2) ot Cbe Emd.Ü linted bave beel eC Ectlmtes (ax the a*oifiß ot been or of tbe ear U in fvr (3) Sime VIII u.itlmte.iy eoliea±l« Nga.iræta if cxIDt, it az•ropr1Ate to üert to f-n this intenst. a of to the 1.3 each ot 29 Dixeetor, Du mmlob a .et..l— to U 2 Approved For Release 2005/04/22 : CIA-RDP80B01083A000100120014-7
{0}	Approved For Release 2005/04/22 : CIA-RDP80B01083A000100120014-7 A. mwegt the —tW to to uct thig In . C. Dimctæ to of 39 l.m the D. Dn U & the in— 6. ur rome ail bell«e be Approved For Release 2005/04/22 : CIA-RDP80B01083A000100120014-7
{0}	Approved*or Release 2005/04/22 : CIA-RDP80BT083A000100120014-7 10 110 lv. PROBLW A 0 eurposes of B. Termino logy Paper" 0 0 9 c e Scope of Paper: Tyree SITUAT.10ß AND of Ingurgency A. The Situation. 0 00 0 c' The Caugcs of !ngurgeney 1%reat DcctxiRte and Tactics THE US POLICY US Policy and 'Rnwerd Modernizing Societies. . The US Intercot {n Inzernal Defense US Counteæineurgency Objectives ÆNERALIZED COFCEYx' FOR m:pwnENT RESOURCES 0 0 . Ao The Local Problem B. The US Problem. . C0 A Generalized Concept Operationa 00 of US Joine 0 00 0 0 o US 0 0 0 o 0 0 0 0 0 o o o STRATEGIC DCCTR1ü o o c' 0 00 0 go 00 The Breed US Puxpoe,ae , 0 • The US Ponture Toward Ingurgencyo DO IO Jo US Invo] vey.mnt in CemeuüißtmPireccea Ingurgancy. The Critical Sectora. . 0 Intervention vs. Cooperative involve- tncnt, The Ultimata a • 00 Counter- idc:az and Countecv•Organizationg Strategic Asg;i.grcnontg (Roleg and Missions Offensiva Countermeasure3 Againgt Type Aggro$ß.f.sn . . 0 Thc Role of Allies and international Organizations . Unreuoived Bcct:rincl Iggueæ . 0 0 Vila OPERATIONAL DOCTULÆE: or VIZIO ROLES AND 0 0 c 260570422: dlA2RÖPéOd01å8äA0000h06126014-7 1 1 2 3 5 5 6 10 13 13 15 16 17 18 19 20 23 23 28 31 34 40 41 42 43 50 50 50 51 51 51
{0}	Approved*or Release 2005/04/22 : CIA-RDP80BT083A000100120014-7 SECRET DRAIQ S/P:5/6/62 GENERAL US DOCTRINE .C.æYAL To (a) provide a generalized •:oncept•, and the accompanying nan— technical doctrinal guidance, Ear the employment of US gourcee eo prevent and defeat Comtnun.\-ae- directed Ingurgency Io the less developed world, and (b) delineate the role* and relationghip of the executive agencies of the US Government: partment8 of State and Defenee (.jCS), AID ü CIA, USIA) which engaged in meeting thiB eleraent of the Cow:aunißt threat Co US intereet8. 11 G A. PURPOSES 0? PAPER IWRODÜCTI.ON The Basic National Security Peper (BN3F) US policy and objectives toward the underdeveloped world but: doe8 not exm pllcitly fill the gap bet:ween policy end applied action i.n the field of counteringurgency, I.e. , the doctrinal gap of a body of '0Fking principles intended as guides for translating policy into purposeful action. A purpose SECRET Approved For Release 2005/04/22 : CIA-RDP80B01083A000100120P4-7
{0}	ApproveGor Release 2005/04/22 : CIA-RDP80Bm083A000100120014-7 SECRET -2- A purpose of this paper is to fill eh18 gap ingofar as poe- dble (we are noe yet In a position .to be dopatic in a field of as many variables a8 counterinsurgency) A second purpoge is to give general doctrinal guidance to US activities and to define, insofar as possible, operational roles and miB8ionø for Che arm8 of US policy which cope with insurgency. These of necessity must be empirical undertakings. It 18 easier to settle on policy Chan to devise doctrinal guidance on how to execute But a beginning must be made and certain dact are evident. Others will doubtless appear as we get on Edtb the tasks which lie ahead. B, TEmd1NOLOGY Counterinsurgency and internal defense are uged inter- changeably in this paper, each to mean the entire range of strategic and tactical responges to any form of subversive political activity, agitation, civil rebellion, revol e, or Insurrection de— signed eo weaken and/or overthrow an existing government or oc— cupying power which the United State8 supports. Conversely, insurgency 18 algo used as a word—of—art to cover the entire 8pecttum of subversive activity, including armed in8urreceion, aimed at overthrowing a friendly government supported by us. Insurgency thus doeg noe include political opposition con— ducted con8titutiona1 norms but does include incipient or latent SECRET Appnved For Release 2005/04/22 : CIA-RDP80B01083A000100120014-7,
{0}	Approved-Por Release 2005/04/22 : CIA-RDP80BT083A000100120014-7 SECRET -3- latenc dissidence susceptible of unconstitutional expression or inimical manipulation. Internal defense is used throughout a8 roughly synonymous with internal security and ig believed to be a preferable usage to either counterinsurgency or to internal security for two reasons : It iJ more psychologically palatable abroad, and it contains more pooitive connotations of the tctaliey of the national effort r. quired to safeguard the modernization process against the inroads of Comuni8m or other forms of inimical extremlgm. Internal war 18 used throughout in its broad connotation and also as a synonym for the usage of "varg of national liberation. aggression is intended to mean the gending of unin- viced arms and men acr088 International boundaries and the direction of internal (guerrilla) war from outside a sovereiBi state (e.g. , the current activities of North Vietnan against South Vietnam and IZ08) Throughout, ali uses of the termg underdeveloped or legg de— veloped world or nations, or modernizing or transitional societies, refers to free world areas aa oppoaed to countries modernizing under the model. C.. SCOPE PAPER: TYPES OF INSURGENCY This paper by definition concentrates on Communist—directed insurgency and insurgency which might furnish Communist foothold3. Ie io Aéproved For Release 2005/04/22 : CIA-RDP80B01083AP00100120014-7
{0}	Approvedtor Release 2005/04/22 : CIA-RDP80Bm83A000100120014-7 SECRET It 18 nevertheless important to bear in mind that Coanunlgee directed insurgency 18 only one of four eypeo of insurgency which affect US interests toward modernizing societies. The other three types are theae : 1. Insurgenqy which 18 whollv national In ori%in and oupport. Here the US interest lies in remaining aloof; or in covertly em- ploying our resources to deny Coanunict or inimical foreign support of the Insurgency; or, if we do not support the government, in covertly a88i8ting the ingurgents. 2. Inimical non—Commun13t forei8n— supported Insurgency (e.g. , Arab pressures on Israel, Indian support of Nepalese ingurgents, or Rhode8ian support of Ratangan mercenaries) . 3. Foreign and/or US —gupported insurgency In pursuit of US intare8t8. Insurgency in all its forms thus affects US objectives for good or bad, depending on its origins, Intensity, purposeg, and leadership. This paper proceeds on the agotnptions that Communi8t— directed insurgency is the begic threat to US objectives throughout the tmderdeveloped world in the 1960's; and that when Insurgency is inspired, directed, or captured by Comunigm or Its proxies, It will invariably challenge US intereges and generally require the application of US resources in conjunction witb those of t:he eoclety under attack. 1110 The Situation SECRrr For Release 2005/04/22 : CIA-RDP80B01083AD0010012001477
{0}	Approved-For Release 2005/04/22 : CIA-RDP80B*83A000100120014-7 ST?CPET 111. 'THE SITIJATION AND THE THREAT Doctrine on: counteringurgency must begin by considering the reaoon8 why the underdevel"ped world is vulnerable eo ingurgency, the role of insurgency in Connuni8t geretegy, and the threat which Comunigt—directed Ingurgency poseg to US and free world interegcg. A. SITUATION The central forces at work and juxerapoged In varying degrees of Intenglty throughoue the underdeveloped world are (a) the stresses and of the modernization procegæ—the revolutionary break8 with Cho traditional page and the uncertain and uneven proge ress toward new and more modern forms of political, gocial, and economic organization; and (b) the contest between Cotnunigm and the Free World generally for primary influence over the direction and outcome of the modernization process . It iß central to our problem that modernization generates targeto af exploitable Commmlßt opportunity and that all develop— ing countr1e8 are therefore susceptible to gubversion and insurgency in varying degree. Diggidence, digestlafaction, and disequilibrium are the minimum concomitants of a modernizing goc±ety., especially a looeely— etructured society with weak govern— mental :Lnßtitutione. Theu are the vulnerabilities of modernizing gocieties on which Camunism and other enemies of controlled revolueionary progregg prey In an effort to subvert and redirect modernization to their Approved For Release 20wo«e•: CIA-RDP80B01083A000100120014-7
{0}	Approvedför Release 29±19442 : CIA-RDP80BOt083A000100120014-7 Co their purposes. Furthermore, exerts appeals eo certain innovatora and Intelleccualß within the new countries: it repregenes a proven route Co modernization If human liberties and want3 are dieregarded. In gome areas the threat of insurgency active (e.g., Laog, Vietnam, Colombia) ; in other3 13 (e.g., Northeast Thailand, Northeaae Brazil, Bolivia, Guatemala, Venezuela); and elset•here It Is and will remain at leagt latent until each moderne- Izi.ng nation develope a firm national unity, a popular consensus in support of the general purpose3 and direction of the national government, and a capability to defend itself internally. Each modernizing society ig to 3cæe extent unique in its culture, origins, structure, aspirationa and progress totterd modernity. It therefore difficult to grnerallze on the modernization proceas: it muse be 8tudied in the geographic, ethnic and political context of the Individual society. Yet: certain generalizations bearing on the causes of incurgeacy can øafely be ventured. B. 'Cæ CAUSES C? INSURGENCY All ingurgency, to gucceed, müot have an active indigenous base and gome form of political direction and structure; and advanced Btageg of insurgency will have both an active dmegeic bage of popular gupport and a politiccpmllitaz-y structure, Leo, a proto— government in opposition to the central government which either competes with it for guppore or reoi8tg its writ: (e.g., Laos, South Vietnam, Colombia) . Insurgency ig SECRET Approved For Release 2005/04/22 : CIA-RDP80B01083A000100120014v7, ;eCc,
{0}	Approveeeor Release 2005/04/22 : CIA-RDP80Ben83A000100120014-7 SECRYR Ingurgency 13 grounded In the allegiances and aecitudes of people within a modernizing gocieey. Ite origi.n8 are domestic and its gupport mugt remain largely domestic if it to succeed without reaore to large— geale foreign support of a type which could change its character and scale. The ceuaeo of Insurgency ace there— fore really the inadequacieø of the local government to requite, contain or remove popular or claw diggatigfactions released breaking from the traditional mold and social 8 tructure. In the Interim between Bhatcezing ebe old mold and consolidating a viable modern State of popularly accepted and supported inatituclonal strength, the modernizing state exposeg Ite vulnerability to ingurgency most acutely. Poutica.ny and a typical transitlonel eocieey will exhibit many of thege divisive forces and attitudea at work: Deep rifts between the urban centerg and the rural raaggeo, complicated by an es8eneia1 lack of cotmnunlcaeioa between the central government and the countryside; lack of gocial cohesion stemming from Inequities of tbe old class 8tructure and often exacerbated by racial problems, social discrimination, and religious differenceg; mass illiteracy but, nonethelesg, the din ßtirt1Qß6 Of hope among the underprivileged Eoz a better life and greater participation in the goclety; an inadequate educational Bystem; weak governmental inotituticn8 and administrative capacities, an inadequate civil bureaucracy, and political leaderø; a government which 18 not or cannot be, adequately reopongive to the agpiraeioag of Approved For Release 2005/04/22 : CIA-RDP80B01083A000100120014-7
{0}	ApprovedFor Release aspirations of the people; a political proceea In which the military are the ultimate arbiters of power, often leegue with the traditional oligarchs; fragmented political partieø, which complicate Che formation of atable governmentg and the functioning of representative {n3titut10ng; nc fitm sense of purpose, direction or achie e-nent; a frugeraeed end articulate segncne of the youth and liberal intelligent81a (often foreignQ cdl!ccted) which aopireg to mcrz• zadicnl golutlona to speed modernization; a developing middle clac3 which cannot yee control the political procegg and extremeo of Righe and Left which conteat its rige to political and economic power. the aociety i*ay exhibit thege divieive foreeg and attitudea : Widespread poverty and an {.c distribution of wealth and inccme; an inadequate oysten Gf tenure and agricultural prcduction» little progreca toward land reform or the developxaeat of a sturdy peasantry; an inadequate and unbalanced Induetriel structure with no coherent plan for economic growth which will confer equitable tocial benefits; inadequate economic and social infreseructure; inadequate ability to mobilize cloneat' resources or to marshal and ren invest savings; balance of paymenCs difficultlea; overdependence on exports of primary products; diaaatisfaccion with foreign private i-nvoaanent yet great dependence on foreign capital asgigtance for economic growth; inadequate urban housing, especially lowcost housing; an inadequate tax and tax collection sygt:em; an unhealthy concentration of wealth Äöp•roved F&Release 2005 0412 : CIA-RDP80B01083A000100120014-7•
{0}	Approved+•or Release of wealth and economic power in an upper class or in a fev individuals or families; geale uncaplc-jmene and under- employment, including the dangeroua youth segment of the educated uzemp loyed. moat modernizing states are vulnerable in these respecte : 'N-iey have underestimated the internal threat and overo eotimated and overprepared for an external threat; they do not have an adequately balanced structure to maintain internal security an both the cities and Ehe countrygide (In many Latin American countries.. military unlt8 cannot leave the citieg lest a security vacuum be created) ; the military-obeceuae of exce89ive demands on the budget, represgå.ve meaaures, participation In unpopular or oppressive governments, or lack of good ecerangad from the people; and, the military have noe made the contribution of which they are capable in promoting nation-buildi%e, and social cohesion (civic action, gocd worka in the countryside, statecraft in government, training of congcripts in literacy and vocationa) few of the modernizing states have won the battle against the blandishmentg and falce hopes arcuged by Communism among the students, educated youth, intelligentbla • the rural digposgesoed and the urban underprivileged. Except :Ln a few of the modernizing states with charigmatic, articulate end social—minded leaderø (e.g., Nehru) * there an abysmal psychological gap Approved For Release
{0}	Approved Release 2005/04/22 CIA-RDP80Bom83A000100120014-7 SECRET - 10.- pcycholog{cal gap between the central government and the masses, the students, the laborers and those who for various reggcna foel eotranged from the governrnent and the Bociety es a whole. Where the central government is lagging behind the tides of popular content, this gap is a very dangeroug vulnerability. Thig partial enumeration of vulnerabilities Illustrates the magnitudes of the Comuniee threat In canalizing and directing popular digaffection for gubvergive ends. Nor 18 thig the whole story. Too rapid a tempc of modernization cen be ag dangerous aB too little movement unless the new inetitutional mold 18 otrong enough, and leaders vise enough, to contain the powerful new gocial thrutco released in the proce38 (e; g. , the non— Commtnlge social revolution of Boiivie in 1952). Just as failure to move rapidly enough encourages popular opposition and the aspiratione of alternative leaderghlp, which often takea power through a violent "social revolution" (cf. Mexico in 1910, Bolivia in 1952, Egypt under Nagger, Cuba in 1956, Iraq in 1958), 30 doe3 movement forward sow Che geedg of future cri8i3 ag the underprivileged reach out for more. Thug the modernization procese is uncertain and treacherous and few socleeiee have attained modernity without bloodshed and reliance on authoritarian techniques at gome point enroute. C, THE THREAT: DOCTRINE AND TACTICS The Co:nunLgt8 make no eeeree of their intention of expanding control to those societies of the Pree World which they can gubvert (C eechoglovakia) , SECRET Approved For Release 2005/04/22 CIA-RDP80B01083A000100120014-7
{0}	Approved For Release 2005/04/22 : CIA-RDP80B01fi3A000100120014-7 SECRET (Czechoslovakia), take over through internal war (China), or capture from within after an eoseaeiaiiy nationalistic social revolution (Cuba) We start a prealge that Coeunlsm threatens aii modernizing goelettes. A second preise ig ebee ebe Conmi8ts by doctrine and practice are equipped to pregg their obåeceiveg along the whole 9f the ingurgency spectrum: they Btudy and exploie the vulner.-.bllitleg of societies, they are expert in political maneuver fræ indigenoue footholds, and they understand and practice the various forms of internal var. They regard all modernizing societies as candidates for internal war ae some stage of their development, which will be ebe final etage in the ciaoo geruggle within the society. They plan eo see the stage for eheee "vars of national liberation" and to support them; and these vara, we have been Sold publicly, are the t'åuse't and "sacred" varo which they support in order that the society may eliminate aii foreign influences and leave in control of the modernization process. Comunigm has from its origins posed this threat. But the threat 18 more credible and poignant as of today for two reasons: Plroe, Che ntnber and diversity of ebe modernizing societiee have proliferated enomously (This impogeg additional burdenB on eboge, like ourøeiveo, who vould permit the new oocieeies to perfect exioting inøeleueions and eo fashion their own system and pace of sECRrr Approved For Release 2005/04/22 : CIA-RDP80B01083A00010012Ö014-7
{0}	Approved Release 2009* CIA-RDP80BO%83A000100120014-7 -12- modernization, instead of ruthlenly imposing ebe predetermined ingeitutlonai blue—print' oz . Second, In view of the general gerateglc stalemate and the dangero of direct Bloc—Western military confrontations, the CotMnuni3es' 'tvave of the future" 8trategy 18 nov baged primarily on insurgency rather than overt aggression across international borders. (Tbi8 accords with the general legøon of biotory since the Korean War and a probable assessment that ' 'warg of national liberation" can be supported without the unacceptable riBk8 of Western nuclear retaliation) A further aspect of the Cozmunlgt threat is doctrinally Important: Consolidating and exploiting active domestic insurgency bases, both in the cities and the countryside, are valuable neang of accomplishing ewo ComuniBt purpoøes: Building pover bagea for future political takeovers, and arresting a state's forward movemant. Hence, urban strongholdø within disaffected student and labor groups, and guerrilla bageo in the countrycide may be developed, held and utilized not for puqoges of an immediate drive to power •but for purposes of sowing confusion, adding eo the drain on domegtic resources, and widening the base of political powr for an ultimate assault on the state when the tine 18 deemed right. The guerrilla 18 especially suited for thig purpose: A guerrilla expresses action emotiona and therfore hag a 8trong paychological appeal eo a part of the populace even when he opposes a moderately unpopular regime; be strikes at the and social cohesion of a country Approved For Release CIA-RDP80B01083A000100120014-7
{0}	Approved Release 2005/04/22 : CIA-RDP80BOA83A000100120014-7 SECRET -13- a country and thereby wakens ebe government; in guitabie terrain, he occupies the attention of times big number In conventional coldierz who may further contribute to Che govertment's unpopularity by reprisals, inept tactics, or failure eo think back to first causes; and he a cogely thing to eliminate. The Coaaunlatg have thug refined gubverdve insurgency as an Instrtmene of political warfare which can be deztructively applied to underdeveloped countrieg at almost all points of vulnerability. organizing maøßively for gubvorgion in all forms, they aloo 8Y8temaeica11y geek eo align thanaelves with ebe three greae forcee. at work in modernizing oocietieg--nationallem, anticolonialism and ebe revolution of rising expectationø. Their threee ig formidable and all—pervasive, bue cannot succeed without the Bupport of people. Ie can be biune•ad and defeated only if we and other free nationg make ie cryseal clear in action and deed that Coxmnunism can never align with the finer Inaei.ncts of human natura because it 18 not a political sygtem which fulfills the aspirations of men who prefer eo find their cwn •independent ways in a world connunity of free necions, lv. CENTRAL FRAißWCRR 0? US POLICY AND STRATEGE US policy and strategy toward the threae are designed to safeguard Cbe modernization ptoca88 in order that the deeper aspirationa of men and nations eo remain free and to fashion their own wayß of modern Ilfe may be fulfilled. A. US POLICY AND OBJECEIVES MODERNIZING SOCIETIES The BNSP is our guide for US policy and objectivec toward the underdeveloped world. Approved For Release 2005/04/22 : CIA-RDP80B01083ABFIÖF2M4-7
{0}	Approved Release 2005/ 41 2 : -14- IA-RDP80BOA83A000100120014-7 Our broad interegtB in the underdeveloped world are three; ——We have a and Interest tbat the free modernizing nations evolve in directions which afford a congenial world environment for fruitful international cooperation and our own ray of life. ——We have a intere8t that their end resources not fall tmder Commise control and Chae they mainteln the minimn esgenti.al military capabilities to preserve their Internal security and independence from aggression, or eo combine vith foreign assistance In meeting overt external aggresgion. —-We have an economie interest tbat their resources and markets remain available to us and to the other industrialized nations of the Free World. Doctrinally, our strategy pointe toward ourselv€8 from being wholly reactive to Communise initiatives by getting on ure positively witb the constructive taske of encouraging and safeguarding the modernization process. requireo our recognizing that assiøting modernization (the positive tbruoe of US policy) and assisting in its defense are two eldes of the game coin. The taek of gafeguardiag the modemization procega involves aegi8t1ng transitional nations upward through Che modernization barrier vieh ali available resources and counsel at our disposal, and acceptable eo the, while eimultaneously {Qrovlng their Capabilities of internal defense aerog8 the entire spectrum OE activity. objective Approved For Release 2005EÄlA-RDP80B01083A000100120014-7
{0}	Approved Release 2005/04/22 : CIA-RDP80BOA83A000100120014-7 SECRET - 15 - obåective is ehae modernizing couner{ee remain independent of C—ni—, and free Ceunise footholds (especially In the critical rural, student and labor union sectors), in order that they may progressively assme roles of dignity and regponeibility in an expending world comunity of free nations and pluralistic valueg; and our purpose iB to agg13t them Co becme free and unified nations capable of internal defense, gouvernance by consent, and Beif—generaetng economic growth within indigenous modernization systems representative of their own cultures and a spirations. Tbe central focus of this policy 13 to assure an environment of sustained progress toward higher standards of economic welfare, Bocial Justice, individual liberties, and popularly based govern- menes—-an enterprise in which the ri8kB and responsibilities will nonally be shared with other nations and international groupings, including the United Nations, though in terms of financial assistance and military support, ours will doubtless remain the dominant role in large parts of the world in the decade ahead. B. THE INEREST IN IMI'ERNAL DEFENSE As long as the and their partisans and proxies continue to exert external and internal pressure on free societies, we must devote attention and resources eo the defense of these societies because (a) a sense of security, and (b) a demonstrated capacity to SECRET Approved For Release 2005/04/22 : CIA-RDP80B01083A000100120014-7
{0}	Approved ur Release 2005/04/22 : CIA-RDP80BOA83A000100120014-7 SECRET - 16 - capacity to defend Its vital Interests are minimum conditions for Che creative modernization Of any free eociety. Since Communist policy 13 eyetematicaily geared to create and exploit vulnerabilities offered by political unrest, economic 81uggiBbne88, diplomatic disarray, and military weakness within the free community, ve must, in addition to maintaining a full spectrum of military capabilities which will make the hegitate to employ force at any level (Including guerrilla warfare and urban insurrection ) , geek to minimize the emergence of circum- stances and situations which permit Comun1BE preoauree and manipula— efon, with special attention to those sectorg which the traditionally devote major efforts--the countrysiée, the students and educational gystem, and the labor unions. In this endeavor, the preventative aspect of US end indigenous capabilities cannot be overemphagized. It 18 in the long run far lees cogely materially and in terms of damage to the society to • prevent insurgency than to defeat it after its appearance. The dreadful arithmetic of counter-guerrilla operations, Vihere history indicates IO to 15 soldiers are required to cope succeggfully witb each guerrilla, is something which every modernizing gociety should make efforts to avoid at all cost8. C. US COUNIERINSURCEtWY OBJECTIVES The over—ail US purpose in the field of iB to ageist the transitional states to develop balanced capabilities for the total SECRET Approved For Release 2005/04/22 : CIA-RDP80B01083A000100120014-7
{0}	Approved Release 2005/04/22 : SECRET - 17 - for the total defense of their societies against Internal and axeernai threats, Chie C0 be done vith minimum demands on dmesetc tee sources required for Internal development. To this end, US intemal defenge objectives are: i. To contribute to the systematic immunization of vulnerable 80cieties noe yet gerlousiy threatened by Coanuni8t subveraion. 2. To assist countriee when insurgency is incipient (e.g., Thailand, Brazil) to defe" the threat by removing its political, Bociai and economic caugeg before the ingurgency becomes active* 3. In countries where insurgency is active (South Vietnam, Colombia), eo aggiee the government under attack witb military as well ag non-military means, congigtene with tho US interen as determined in each cage. 4. To minimize the poggibili.ty of direct US military involveænt in internal war by maximizing indigenoug capabilities of countering and defeating Insurgency. 5. To minimize Che r18k of eoealatlon (without deferring to this ri8k) of Ingurgency toward conventional or nuclear war. V. GENERALIZED CONCEPT POR THE OF US RY.SOURCES In cm.ncering in8urgency, the major effort, in OE us interests, must always be indigenous. We have noted eh*t Insurgency is a uniquely local problem affecting the aspirations and allegiance of • local people. In putting down insurgency, it is only the local government which SECRET Approved For Release 2005/04/22 : CIA-RDP80B01083A000100120014-7
{0}	Approved Ear Release 2005/04/22 : SECRET - 18 - govertnent which can remove causes, win back the support of the insurgents, and strengthen the society' e cohesiveness. In internal war ic 18 alwaya better for one national to kill another than for a foreigner--especiaily one with a different ekin )color— aeion--to do 80. The active participation of nan—indigenous (egpecially US) forces in internal defense operations can be counterproductive that it (a) dilutes the nationalist appeal, and hence the accept— ability, of the local government, (b) makes the United States a more obvious target for anticolonialigm than It already 18, and (c) permits the ConmiBt8 more easily to associate themøelvee with the forces of nationalism and anti-Westemiem. The US effort abroad therefore relate primarily to advice, assistance and the training of Indigenous capabilities. We must always begin ehi8 effort by knowing what the local problem ig and learning eo see distinctive local context. A. THE LOCAL PROBLQ4 ne ioeai problem that modernization generates ingurgency in some fom and poses cruel choices of tempo and of bow best to reconcile opposing forcee at work within the society—-of bringing tolerable order and unity out of relative dishevelment as smoothly and securely as possible. 18 nothing less than ebe problem of building and defending a nation against its internal tensions and upheavals and thoee Incited from abroad. A large part- Approved For Release 2005ÆElA-RDP80B01083A000100120014-7
{0}	Approved Release 2005/04/22 : CIA-RDP80B(W3A000100120014-7 SECRET ' 19 - A large pare of the local problem 18 that the new leaders bave an iqerZece view of ehe consequence oz ehelr aeto and an imperfect vision of where eo lead and bov to get there. Their inexperience contributes C0 their difficulty in seeing the totality of their national problem, Bince the society is In flux and algo under attack: the forces of flux open the avenues of attack and forward movement will depend on the Skillful eploymene and orc- .ee.• traelon of ail constructive national capabilities, energies and resources, both creative and dofengive. A major contributing source of difficulty ig their Imperfect understanding of the political structure of ingurgency, even armed insurgency, and their failure to appreciate that a creative combination of politics and force (active or potential) 18 required to eliminate ebe root causes of {neurgency ao opposed to the mere, and often temporary, repression of its smtcms. B. US PROBI&f The US problem 18 Co Involve oureelves constructively and acceptably in the local probin in order that we Lay cooperate with and agoige Cbe local govermneng in resolving ag wide a range OE subsidiary problems as possible. This requires our developing and refining several capabilities on the part of out Country Teams: • .An ability to acquaint ourgelves thoroughly with the totality OE the local problem In all its distincgive qualities (Its stage of modernization, -the points of strength and weaknesg, the sources of SECRrr Approved For Release 2005/04/22 : CIA-RDP80B01083A000100120014-7
{0}	Approveuor Release 2005/04/22 : CIA-RDP80BA083A000100120014-7 SECRET -20- sources of dissidence, the external vee the internal threat, the probable congequenceg or action or inaction) . . .An ability to asglse the local government, together with ebe society's Innovator. and congtructlve alternative leaders, to gee more clearly the interaction of modernization and ingurgency and tba blend of politics and force required for an adequate interne! defense capability. . .An ability to convince the local leaders ehae within transitional societies insurgency is part of the political process and mugt be deale with In this context rather than as a compartment- alized problem for the police or the military. . .An ability eo coordinate and orchestrate US reøourceg' and to develop techniques adapted to the unqiue local context, toward the end of gerengthening the local capability of defenee againgt insurgency with minimal damage eo the gociety and the of modernization. C. A GENERALIZED CONCEPT OF US Jontr OPERATIONS Though the US contribution should be ancillary and ag Inconspicuous as possible, each arm. of US policy represented ae the Country team level has unique end indi8penaab1e capabilities and resources to unploy in supporting the counter—insurgency operationa of a friendly governmene. Whet Is needed 1B more precise advanced plqnnlng and preparation for the contingencies of their uge, greater coordination in SECRET Approved For Release 2005/04/22 : CIA-RDP80B01083A000100120014-7
{0}	Approved-For Release 200510414 : CIA-RDP80B%083A000100120014-7 - 21 - coordination in their use when emergencies arise, and greater sophistication In applying our reaourees in a variety of diecinctive situations and contingencieø.. In ghort, though we inay generalize on geraeegy, we ghould not generalize on tactics, which must always be tailored eo the local situation. Abroad, the US concept of Joint US counterinsurgency operations in a eociety whose government accepts our Involvement In its problem:•., ar.d our aeeistance in their aolution, should be to pooi US reaourceg in reaching a joint: determinat{on on ebe critical vulnerabilitiea of oocieey; to refine our judgment on thig determination by diacugo.i.ng theoc vulnerab.tiit:leo, and what can be done about: then, with the locol government and, as appropriate, or-herc within the gociety; and to apply US resources ag neceggary, in coordination with those of the local government, on the basis of a cotauon plan, if poga.ible., 'Ut, in event, on the basis of a ecordlnatcd US plan of actiou in which each üs resource will maxi-raelly contribute to the cohesiveneae aild internal defense capabilities of the gociety. US Country Teamg Bhould prepare and have before them at all times ego 'Pterrainqe or "situation" maps--one which repregenes the term development plan of the country, I.e., Vhere the country plana eo go along the modernization spectrum in the next three eo five years; and one which ploec the "counterinaurgency geography" of the country, , a country plan which piot3 Ehe vulnezablliti.eg that the country's modernizing activitieg will foreseeably ameliorate or exacerbate. Ideally, Chese sEcnrr Approved For Release 2005/04/22 : CIA-RDP80B01083A000100120014-7
{0}	Release 200W8!64 - 22 - Ideally. these maps, eepecially the strategic development plan, obouid bo prepared concert vich the local government. But regardlegg of local cooperation, It 18 eggential that our Country Teams joineiy prepare ouch since, in their absence, we have no clear picture of our el:rategy in a particular country and no frame in which to coordinato US reeourceg , Only if we proceed in tbi8 faghion, Vith each component of the Country Team knowing the other' 8 busine88 and capabilities, will we be able to match the objective Studies which the make of local vulnerabilitieg and the vergati.lity of C0Äuni3t personnel in politics, pgychological operations, and insurgency. These projections '75.11 serve other indi8p«msab1e purposes: i. Their preparation and periodic updating will make all members of the Country Team more acutely "are of the seate of health of the local political organism: individually and ag a -team, we will learn to look through a ty Ingtead of at it. 2. Our increasing ability to epot the mal.c.unctiong of the local political organism should 8harpen our ability tc forecast dangerous trends and suggest remedies. diagnosis o.c. the local fever chart will euggest Che main outlines of how US rescqrces should be employed to anticipate insurgency, prevent deterioration, or prepare for serious trouble ahead. It will give us the {nd:' gpenable knowledge required to aseege programs euggegted by the local government or to persuade the local goverrnent to different courses of action. 30 Agre«nent SECRET Approved For Release 2005/04/22 : CIA-RDP80B01083A000100120014-7
{0}	Approved-Eor Release 2005/04/22 : CIA-RDP80aØ4083A000100120014-7 SECRrr -23- 3. Agreæent at the Country Team level on these mattera will greatly facilitate the coordination and approval of country geraeegiee at the national level in Waøbington. Coordination of thie effort at the Country Team level vili be the responsibility of the Ambaasador. At the national level, the employment of US resources in gpeclfied critical countries will be coordinated by the Special Group (Counter—Ingurgency) In countries which ara not specified a8 critical, the of Seaee wili coordinate pians and resourcea ae the national level under procedures which should urgently be refined (gee Section VI) VI. STRATEGIC DOCTRINE Agalngt the foregoing analysis of US policy and tbe cærpiezieies of ebe modernization process, this • geceion oeek8 to fix the serateglc frataework in- which all coaponents of the Country Team ace integrally In making their unique and interrelated contributions : ie is the body of doctrine which should generally guide ebe fomulatlon of programg and their execution, ao contrasted with operational guidance to components of the Country Ten (Section VII) A, BROAD US PURPOSE i. Area of vith • Comunism. A fundamental objective of US in ebe 1960' 8 uuot be co perfect capabilielee of offsetting or countering the Comtmigt threat at all levele of the t Yamonuclear deterrent as well as In tactical nuclear, conventional SECRET Approved For Release 2005/04/22 : CIA-RDP80B01083A000100120014-7
{0}	Approveqxor Release 2005/04/22 : CIA-RDP80BA083A000100120014-7 SECRET -24- nuclear, conventional limited, guerrilla and other forms of aabisuous eo conf'ne oerugglo to political and socio—economic coQet1tion. will requite adequate personnel, properly erained and broadly knowledgeable of the range of capabilities, to cope with cub-conventional violence in cooperation with modernizing societies. If g and Mao' o strategy in the underdeveloped nrld ig to be aborted, major changes viii be required In ours ae the level of conflict. 2. The tJS interest in asaiseing free modernizing oocietieg co maineaia adequace counteringurgency capabilitieg stems fræ (a) our national objective of keeping them Independent of Comuniæ and Eree to develop in their mm ways, and (b) our recognition Chae all modernizing societies facc Internal threats in varying degrees becauze of the interaction of modernization and insurgency. 3. The central US purpose is to ageist govezæentg responaive to our influence vieh program guidance and US resources which wili counter, or preferably prevent, inmrgency while, at the game tipe, looking to first causes and effecting the necessary internal reforms to remova Che. Stability of modernizing societies. The principal of political and social conflict with Co=unin vill be the under— dev.loped areas. Hera our central problem to agg18E countries in remaining SECRET Approved For Release 2005/04/22 : CIA-RDP80B01083A000100120014-7
{0}	Approved-For Release 2005/04/22 : CIA-RDP80B04083A000100120014-7 SECRER - 25 - In remaining free eo faohion their modernization under conditions of reasonable geablilty. Their stability, in turn, depend on their achieving relative security against Internal and external tbzeats and their developing vhicb reopond eo the aspirations and neede of their peoples. To the exeene ve asgise in thia process, we simultaneously improve their capabilities of internal defenøe. The central focu8 of US resources in Che long run not to fight Co—nlsm aa such but to develop ways in which our programa can make free gcvertnent8 secure againae domeBtic enamieo and politically attractive to a working majority DE their people. This done, ve vill accept the strategic gamble that the new stated wili ope to remain independent of the Bygtem and will progressively lean toward the Western way of life and Ito value3. 6. The central focus of US counterinsurgencv should, at every level of violence, be to combine civil and military (police) capabilities for purpoees of defeating the and tc eontribuee to the cohesiveness of the society by encouraging the locel govermene to redress the grievances of the insurgento. Insurgency can eeldom be uprooted tmiegs this is done. All of violence should be dealt with in this manner, and while they ate in an elementary fora, before Cbey degrade into armed insurgency or warfare. In ebi8 process of putting dotm violence and also elimi•tating ieø cauoes, there SECRm Approved For Release 2005/04/22 : CIA-RDP80B01083A000100120014-7
{0}	Approve*or Release - 26 - caugøg, thera vill rarely bc a pure civil or military action: each viii interact vieh ebe other {n support of the purpose. 7. Correct counterinsurgency will advance US foreign pelicy oblecelves in a vulnerable society and should be deoigned eo do 80. cerategy should always interace oa modernization strategy and ba utilized to advance and øtabllize the modernization process. Tie praveneiva (defensive) aspeceo of our military, economic, infomatlonal and covert prograz.s which point directly at preventing or defeating i.ngurgency involve broader objectives; since each {s intended to safeguard and pernit social, economic, and political progrecs In Che country Involved, each is closely related to the totality of US policy toward the country. 8. ne basic US posture must be Chae of guardian of the nodernizetion process rather than, ao ail too often in the peot, that of custodian of the øtatus quo. We must never comit ourselves wholeheartedly to a regima 8i*y because it io purposa is to defeat Comunicm through ebe progregoive modernization of societieo which are vulnerable to ag long ao they politically dishevelled, econmleally stagnant, and socially divided. 9. Short—run relations long-rangc If we are to induce the tough structural changeo in tba exigeing order required in many nates (e.g., Iran and Bany Intin republics), ve must not gacrifice long—range purposes to short—nm relations with the transitional SECRET Approved For Release 2005/04/22 : CIA-RDP80B01083A000100120014-7
{0}	Approved..Eor Release 2005/04/22 : CIA-RDP80BA083A000100120014-7 SECRET - 27 - the transielooai oligarchies. Wa bear in mind that the oligarchiee have no rational alternative to going along vith our policy of progressive liberalization and modernization OE transitional socieciea. We give hatdaoøed realism priority over niceties and be prepared to rlgk the diopieagure of and classes currently bolding power. And ve use our varied array OE overe and covert regouxceo more imaginatively and effectively than in ebe page to influence changa in directions which serve long—range US interest8. 10. Alliance with modernization. aligning US foreign policy vieb tho maåor forcea of modernization ae work vithln under- developed countries æans that we come to Eems witb the major forcee ae vork within theae countries: nationaliom (often of an Irrational irraspangible type), anticolonialiBE (vhieb Includes tba probin of pmnriescnees adjusting to the Greac Powerps of the Free World in new relationships), end the revolution of rio{ng expectations. It be e masor US purpose to coordinate counter- insurgency programs a basis to deny exploitation of thege forcea. 3.1. Puller capitalization on US advaneege8. Certain Co—un13?. asy—etries Which nav work againge uø can be counterbalanced if zee more 0Y8temae1ca11y eQIoy US regources to capitalize on four advantages wo hold over the . (a) our ability to involva ourgeiveo deeply and cooperatively in the internal affairs of the naw SECRrr Approved For Release 2005/04/22 : CIA-RDP80B01083A000100120014-7
{0}	Approved*or Release 2005/04/22 : CIA-RDP80a%083A000100120014-7 SECRET -28- ebe nev seateg matters affecting nodernizaeion and internal defense; (b) Che fact Chae do noe threaten their independence or freedom to fa8h10n Choir am modernization øystama that, therefore, our long-range interests basically coincide with theirs; (c) our villingnego eo assist the in en eqiric quest for moderniza- elon within the framework of their own unique problems, culture and qspirationg (our fully exploiting thiß advantage will neverthelegs entail in US attitudes toward mixed economies, state— owned enterprise, the role of private capital, and reliance on authoritarianiam during modernization crissg) ; and (d) the demonstrable failures of Commin in enlisting t•.he deap—geated incentives *ich appeal to lunan the failure of Ceunlsm to solve the problem of agriculture. B. THE US POSTURE ermYARD wmi-cmmm:sr i. The initial US The United $f:ateg cannot afford to be against violence or revolution, per Be, at; hiøtoric agente OE change. The raghe to change govarrment8, econmnle systÄ3 and 80cia1 gtructureo by revolution is recognized in International Iav and the u.3e of force to overchrw non-Coæ:nict govermento {8 not alwayg contrary to US interegcs. Situations will doubtie8ß' arise where wc 8ball wane to support (or inspire) intemal movements against establiohed govern,. menes or colonial powers. for a peat'.eEui transfer of Where ebera no provision force by elements pmser, a change brought about through may be a SECRET Approved For Release 2005/04/22 : CIA-RDP80B01083A000100120014-7
{0}	Approved-For Release 2005/04/22 : CIA-RDP80B%083A000100120014-7 SECRET -29- nay be a preferable alternative eo prolonged deterioration of eCCeeeiveaess or eo a conclauaC10D og a sleuacaoa in which Increasing disconteae and repre8sion interact to breed each other, ebuo building toward a more dangerous (e.g., Bati8ta's Cuba, Trujillo' J Dominican Republic, Angola). Each case of latent, incipient, or active insurgency musc therefore be examined oh its merito in the light 01 US interests before ve become involved on either side. We must avoid jtnping to easy conclusions ebae the insurgency Cem1Bt—inapired, reabering Chae the Co—mists seek to exploit purely nationalistic breakdmms of order and ebae many legitimate nationalioeic protests for social {qrovæne need noe get out of hand or become exploitable Ceuni8t targeto if Che local govorment takes ti.æiy political coreceive action. initial role should be tbat of counseling the local government to examine obåectively the grievances of Insurgents, even those under Conunißt influence, before resorting eo force, unless there 18 no practicable alternative. 2. Repression vs. refome If force 18 required, ve muse make ic clear that Che mere repression of insurgency at mooe usually does no more than buy tine vbich, unless put to political advantage, vork in favor of the dissidents or of their Comunlst mentors on the sidelines. It 18 aivays better Co uproot Insurgency than merely to repress it, SECRET Approved For Release 2005/04/22 : CIA-RDP80B01083A000100120014-7
{0}	Approved*or Release 2005/04/22 : CIA-RDP80ak083A000100120014-7 SECRET -30- repress {e, eepeciaily when tha Insurgency aligned Vith a popular cause. In tba eranolcional societieB, insurgency a time—baiioved form of poileical expreøgion and often the only available political preseure which can be brought to bear to effect needed reforms. It 8hN1d be 80 regarded by the local government. 3. Perguasion of governmental leaders. •j.t i' vital that US Country Teams develop Insurgency maps into eountry plans ia order that they may asgegg what pooition we chottid take vben insurgency occurg. Por situations vill doubtlest• arise ve may Wisb overtly or covertly to our support behind the insurgent8 in aa effort to bring prenure on or eo replace the local govermene. Insurgency can be anticipated, US diplomacy and oebor resources should geek to keep the leaders from delaying until a reai crisis is upon them, in cage their alternaeiveø are noe limited and tho uae of will be perouagion of local leaders to ace in the interests of their society before tbe Comunices obtain footholds a c'qpiex and gubcle busineB8 and cannot succeed unless ve know the faceg and are willing to contest eertain facts thee the local govern»ent may vish to sweep under the rug. It is therefore essential tbat our Countr) SECRET Approved For Release 2005/04/22 : CIA-RDP80B01083A000100120014-7
{0}	Approved-Eor Release 2005/04/22 : CIA-RDP80BA083A000100120014-7 SECRET - 31 - our Country Teams decernin• where the poinco of strength and vulnerability lie. done, ve can to serao#hoa those eienanes "bicb most effectively support our objectivec and bov best eo eaoe Che tensions which have created the vulnerabilities. C. US INVOI,vman IN CCQIUNIST-DIRECTD INSURCNCY i. Tha scale of US involvement at the level of force 8hou1d be ae United as possible and ancillary eo the Indlgenous effort. Ie 18 important for the State8 to remain in the background, and where possible to limit its support to training, advice and material, lest we prejudice ehe acceptability of the local govemment and its tack of gaining the allegiance of the insurgents, and leet va eQ08a ourselves unnecessarily to the "colonial coloration" of Coenist propaganda. 2. US 8tratexv toward %ere insurgency {g latent or incipiee (a Seage I situation), the US ahouid be directed toward elimination lese it provide Conmist footholdo and escalate Ineo active incurgeney (a Seage II situation). In a Stage i situaeloa, every effort must be to a.=uniza the critical sectors Co=unin and to eradicate Conunist fooeholdo therein (gee foilmång section) . Wbare Cannist influence or control is established in Seage I situation, seeps bould be taken to eliminate through practicable raforn and Infomational eo evidence the SECRn Approved For Release 2005/04/22 : CIA-RDP80B01083A000100120014-7
{0}	Approved-Eor Release 2005/04/22 : CIA-RDP80a0483A000100120014-7 SECRET - 32 - evidence the concern and interest of the central government the programs now underway in Northeast Brazil). In Stage II situationß the US Involveune will be Intensified, Indigenoug force vili be required, and the offendve gupport capabilities OE the US military and of CIA may be necegaary adjuncts eo ebe local effore. In these situations, US programs should be designed to make the Indigenous milita. zesponge as rapid and incißive ag possible on the hardcore insurgents ond to parallel thio with reforma directed at ameliorating the insurgency. 3. The Philippine model. The Philippine campaign ageingt the Hukg, as led by Magsaysay, iB e model of countering insurgency, winning the allegiance of ehe dc:aeccic popular base from the Comuni8t8, and deotroying the foundationg of guerrilla action. of the closed floe of force and the extended pala of conciliation aid refom reveals what can be accaapliehcd by an enlightened, energetic and imaginative central goverment which combines force with reform in defeating insurgency. It ia a pattern of action which should be implanted, witb whatever local modifications are neceggary, wherever possible eo other vulnerable underdeveloped countries facing the reality or threat of Comudst—direeeed Insurgency. It should also be studied in detail by all US civil and military officers concerned witb counter—ingurgeney operationo as a model of SECRET Approved For Release 2005/04/22 : CIA-RDP80B01083A000100120014-7
{0}	Approved-Eor Release 2005/04/22 : CIA-RDP80a%083A000100120014-7 - 33 - a model of bw US resources-—civli, military and covert--can inconspicuously, yec vitally, support an energetic doneoeic effort. 4. Coordination of civil and military resources. Anticipating, preveneang suppressing insurgency requireg a bland of niileary and non—military capabilic.•Le8 and actione to which each ac the Country Team level can end must contribute In the baccie of safeguarding the modernization procezos carefully evaluated intelligence, ehe ability to penetrate the enemy' 8 oerong— holds, Cha training of adequate and balanced military and police capabilities. developmeneal aeglatcnce and adv.Lee, information programs to ameliorate and bring underotandlng to local are all Indispensable OE an effective adequate to the problema of the 1960' s. and defeating Coanunigt—directed insurgency therefore a total program for the local govcræent—EVith its pozitivo and defensive sides—and for US resources support ebereof. Success vill depend on a careful evaluation of known facts and on a unifying concept of operations based on a country pian tailored to the local context in which applied civil and Aliicary resourcc• interacc and overlap. D, SECRET CRITICAL Approved For Release 2005/04/22 : CIA-RDP80B01083A000100120014-7
{0}	Approved Sor Release 2005/04/22 : CIA-RDP80B04Q83A000100120014-7 SECRm -34- CRITICAL SECTORS i. ne vital • sectors vithin modernizing societies on which US programs be orchestrated are ebe rural sector; the labor front; the student and youth organizationg, including the educated unemployed; the conunicacions and informational media; the nilitary• police; the civil bureaucracy; tha variougg middle—clan elites (entrepreneurg, arei8tg, academicians); and tha political partic.J, including often a legal Co—aniBt Party but invariably an illegal Cozmmi8t apparat operating urderground or through varioua fronts. The Coæm18t8 seek to subvert all timeee ceceorg bue are generally legs succenful than we In exerting ujcr influence over govermental leaders, the civil bureaucracy, the military and police, and the middle class In general, including the eeneri8C political parties'. 2. ne critical sectors fron ebe etandpoinc of US interests are generally the counerygide, the seudentß and youth (including the educational gygeem), the labor unions and educated uneQ10yed, and the co—micacions and information 18 not to gay that the other sectors are entirely secure or that greater US across-the-board efforts are aot required. But in the typical underdeveloped country, digaffected middle elan or Coamni8t organizers are noet likely to organize In8uraency within the ranks of ebe peasant', laborers, eeudent8, and the menpioyed and under— privileged in general. 3. Urban vs. SECRET Approved For Release 2005/04/22 : CIA-RDP80B01083A000100120014-7
{0}	ApprovedFer Release - 35 - 3. Urban vs. rural gectorø. Insurgency must be guarded against in both Che cities and the countryøide. In loosely— structured countries where the cities are beachheads for the outside world, the economy is predominantly asz±culturai, the central government has noe gripped and led ehe peasantry, a passive, detached rural population, capable of being terrorized or enflamed 18 the more important and rewarding target for Comuni8t poiieicai activity (e.g., South Vietnam, Northeast Brazil) In these 81euat10ns, the battie bo joined ae the village level, which normally repreeentg ehe lowest social and political organize— tionai level. Discontented urbån eopulationg nay be the more fertile ground for Co—mise activities if the country is in the uneasy throeg of early Industrialization and urbanization (e.g., Egypt, Iran) or ie undergoing a political and goelal renovation from the evils of dictatorship and mismanagement (e.g., Venezuela) a Or the Cotnuni8t Chrest nay cne through the exploitation of rural z:inotieles wblch may havo footholdB in provincial capita18 (e.g. , the Kurdish minorities in Iraq, Iran and Turkey) 4. Problems of the Countryside. The underdeveloped world is predominantly agricultural, with 75 per cene of it8 people living cn tbe land, often under feudal or semi-feudal conditions (e.g., Ecuador, Peru), yet not :åÄ2ne from the modernizing influences of sECRrr Approved For Release 2005/04/22 : CIA-RDP80B01083A000100120014-7
{0}	Approved*or Release 2005/04/22 : CIA-RDP80B04Q83A000100120014-7 SECRET - 36 - Influences of the cities and the Conunista—-who place a high priority on organizing peaaane land—refom leagues even In Cbe more enlightened of the modernizing societ.teø (e.g., India) . The fact that ehe Cozun{Bt8 have for so long heid a virtual monopoly of urging land for the peasants guzgest8 the necessity of our placing land reform, community development, and increased agriculeural productivity at the top of our aaenda for counter— insurgency programs. But there arc other cogene reasons. land reform can or cannol: contribute to Increased agricultural productivity, depending on hw effectively it 18 administered frm the standpoint of credit and Cechnical assistance. But Ie can be made to contribute to increased agricultural productivity and the latter 18 a strategic objective for modeinizing societiea in order Co (a) create market relations between e.'e cities and the countryside, thug gerengehening the cohosivaneeg of the society, (b) provida a base of rural purchasing pmver for urban manufactured products, and (c) the country' 8 balance of payments problem by contributing to it8 agricultural self— gufficieacy. Regardleee of whether tha cotmtry S.s adapted to guerrilla warfare, ve should therefore place apeciai evbas5.s an land reform and increased agricultural production in order to geal off the country- side from C—n1Ä and bring Che nornaiiy cougervative peasant, vhicb Comunism has SECRET Approved For Release 2005/04/22 : CIA-RDP80B01083A000100120014-7
{0}	Approved*r Release 2005/04/22 : CIA-RDP80.83A000100120014-7 - 37 - Cmmu.nism bas traditionally und but dietrusted, into the main- stren of society and Ito market C—nity development is a vital adjunct eo the political •and social of a ioogely•øtructured country for the reason that it Cakes to the countryside and eotabiløbes channels of comuniceeion and regponge between the rural sector and central govornmcne. It thus a reinsurance policy against insurgency in the countryside and a mechanism for making govarrnent responsive to the people' e needs. For ebe8e reasons, US gtrategy should e*agize defense of the countryside through Bourtd land reform, increaged agricultural productivity, and conunity dcvelepmc:.t programg. process can be helpfully accelerated, as it hag iz many countries (e.g., Mexico, Turkey) by civic action programs OH the pare of the local military, Cbus carrying the central writ to the country in expre88iong of interest and concern of a type which strengthen a society. 5. urban Within modernizing societies, labor and youth Wii i continue to pregent probiøag of dissatisfaction and disaffection, as they have in mogt countriez, including the Soviet Onion, Yee a greal deai nore can be done eo focus US programs end resourceo on explaining to both ebe trials and troublee of the modernization process and the pitfalls of turning to Cormmiem as an alternative to fighting for progress as loyal nationaliBC8. We must SECRET Approved For Release 2005/04/22 : CIA-RDP80B01083A000100120014-7
{0}	Approved-Por Release 2005/04/22 : CIA-RDP80Bon83A000100120014-7 SECRET -38- We especially devote more aeteneion to the educational systems of the new states, to asglst them in Improving the quality of their cunicula and teacherø, and In supplying text- books '*Ich viii prepare students for the modern democratic world. Tba di881dence of Che urban discontented can aloo be ameliorated eons{derabiy through emphasis on the types of programs envisaged under the Alliance for Progrø38 (e.g., cost housing, potable water oupplles, oanieaelon meaeures, construction of schools, etc.) . Tha importance of yowch and labor to US interests is Illustrated by a recent deopat« f:- Embaaoy Quito which states that Che student8' and labor federaeiono of Ecuador--a country on the brink of insurgency- . are more politically powerful than any one of ebe exi8ting politicai parties. 6. Assets on which to build. While getting ourgelveg In 8bape eo deal more effectively with the critical aectors, we mu8t not neglect to build more constructively on those asceea which now generally lean Coward US military and police, the civil bureaucracy, the middle class generally, and the political leadership. We ghouid find wayg of making greater use of our ability to train indigenous officerz corps in nation-building and state- craft, bearing in mind tbae our military train more foreign nationals In military SECRET Approved For Release 2005/04/22 : CIA-RDP80B01083A000100120014-7
{0}	Approved For Release 2005/04/22 : CIA-RDP80B01083A000100120014-7 SECRET - 39 - In military octances Chan aii ocher US govemuene eatning programa combined. strategy should be to nake Cbe local military and police surrogates of US-Pree World interegts and officers with whom ve can cooperate fruitfully in the politico'mllleary intracacleg of eafeguarding the modernization process. Such qould create an asymeery in our favor vbich could go farther than •ee have gon in the paae to offset Communise advantages of being able to operate through indigenous political parties. It Io similarly strategically critical that ve devote i6t•e attention and resources eo training e;ivil bureaucrate in administrative practices and problcmz of modernization. 7. The middle class. Oars predominantly a middle—claas society and our strategy viB-a-vic Che modernizing oocintie8 18 in actuality one of converting them Into open, pemicg±ve alddle-clagg societieø. We have noe in the past always clearly aeen this as our real purpoee. We have too often been timid in riokiag the dlBfavor or enmity of oligarchic leaders who, though they claim as brothers, have no appetite for our advice. In e society which in we mugt accept the fact that ve cannot please all cf.asseg or all peraons; what we must therefore do is to remain true to ourselves and project the image of 8 liberal d SECRET Approvedfor Release 2005/04/22 : CIA-RDP80B01083A000100120014-7
{0}	Approved For Release 2005/04/22 : CIA-RDP80B01083A000100120014-7 SECRET 40 deoctacy in action which stands Eor eba serengchening of tho Liddle ciags in aii seceoro of modernizing societieo, and in the countryside as veil as in Ithe cities. Siaiiariy, via—a-vie a government veer dangerously toward C0Äuni8t nome in socialise experiæneo, ve muse be patient and underota:• ding, bearing in mind ebat exceogas often correct themselveg (e.g., India, Guinea) and tbat no nationallot government can 8urvive indefinitely or without trouble on a completely conservative political program. In these situations, we mast ace with confidence according C0 our mm standarde, keep eo our middle—class strateW, cad cake care that we do noe drive the government farther to the Left, or into dependency on ebe Bloc, by cutting off avenuee of ageietaace and advice (e.g. , our suppose OE Bolivia 8ince the 1952 revolution) . E. IRERVENRION VS. COOPERATIVE INVOLVmærr "Development diplomacy" differs materially from traditional •diplomacy ao practiced Vith tbe advanced countries of the Ebrth, or vicb hoseilo eeaeeg. essence of development diplomacy 1B that ve develop Cha capability and the capacity eo involve ourselves deeply in the Internal affairs of modernizing seaees in order to assict the with advice and rezources. While we will SECRET _ Apprqved For Release 2005/04/22 : CIA-RDP80B01083A000100120014-7
{0}	Approved-Eor Release 2005/04/22 : CIA-RDP80BßQ83A000100120014-7 SECRET - 41 - While wa vill continue to eochew tmwanted intervention, we must bear In mind tbae the doctrine of non—intervention applies only to unwanted or unwelcomed forms of intervention, notably armed intervention. There no doctrine against the deep and intricate involvement of ono or more states in the modernizaelon and internal defense problems of another, though obviously the practitioners of development diplanacy must proceed In recognition of the sensiti of the host government. This 18 an eddielonal i.•eason why US represent— ative• abroad muse be grotmded in the fectual t':rrain of the gociety in which they serve. F 0 üLTMATE Ia countering insurgency, L.:.e especially zuppresging internal war, ve must keep in mind the ultimate end deeißive target: the people, ara more decioive eo the out-.coQe thca the territory captured or ebe killed. In incernal war, society does noe retreat to the Bideiinea and leave the battle to the coldlers: society itself at var aad the resourceø, motives and of the struggle are found almost wholly within the local society. the terraiu on which the ultimate battle is von or lost 18 the support of the people. Viewed in this light, insurgency and interng.l wazo»if they cannot be avoided by Ctaeiy political action--offer opportunities eo 8trengtben the society and point it toward modernization wit•a greater oocial i—mization again8t SECRET Approved For Release 2005/04/22 : CIA-RDP80B01083A000100120014-7
{0}	Approved*.or Release 2005/04/22 : CIA-RDP80BP4Q83A000100120014-7 SECRET 42 innunization against C—anlgm (e.g., the Philippine model, Malaya). It is 'use as laportene eo attack the poiieicai and psychological geructure of insurgency ao It is to attack it' exterior manifestations of violence, and the attacks should always be mutually reenforcing in dangeroua gieuationo. G. IDEAS AD COUM'ER-ORCANIZATIOhS Because Ingurgency, espec*.aily Co—.mist-direceed insurgency , ig always rooted in attitudes and a political structure, there is need, in the political struggle againge Comunin, both Eor counter- ideas and counter—organizationø. For ideas to bave political force, they muse be supported by ooze form of organization—- Bomething ebe Comuni8t8 understand voile Some form of organization permit' outlets for confused emotions end Inchoate political agpirations ic ecpecially i.mportant to the feeling of rootieooness of people who have been uprooted from their traditional way of life and are caught in the flux of modernization, industrial- ization and urbanization. Thlo explains pare of the appeal of Cognunism In transitional societies. US programs and resources ehould be more systematically geared, therefore, eo the developmene of counter•ideeg and counter—organizations. Ail arms of US policy represented abroad can contribute to thie 8trategic objectivø, but especially our military and police training missions, CIA and USIA. Be STRATEGIC SECRET Approved For Release 2005/04/22 : CIA-RDP80B01083A000100120014-7
{0}	Approved+or Release 2005/04/22 : CIA-RDP80Be#83A000100120014-7 SECRET 43 - R. STRATEGIC Assræmrrs (ROLES MISSIONS) i. The Teem The Country Teem, headed by the Ambassador as the Preoident'g principal representative in a country, the fortn for preparing and coordinating the execution of counterinsurgency programo abroad for these reasong: a. The modernization process in underdeveloped countries involves the entire range of governmental and public activity: it the purpose of and ubiquitouøly affects the internal and external policies of the otate in its relations With {tg own people and with the outside world. Everything ve do "111 affect ebi8 procesg In some way. It is therefore vital that coordinato the US effort in modernizing socioeies on Che basis of a central US gerategy which wili be a cæblnation of the country' o development plan and a country plan Eor coping witb the country's vulnerabilities to insurgency. b. The country plan ck.ould evolve towazd a US strategic plan Eor seeing the country through its difficulties with minimtn risks of coablnation of tha typa of counterinsurgency plan developed for South Vietnam and of the type of strategic plan ve are seeking to develop in key Latin American countries to deeemine hov US resources can be brought to bear on key poinco of leverage to Induce progress toward Alliance rrogregs goals. This a natter to vbicb SECRET Approved For Release 2005/04/22 : CIA-RDP80B01083A000100120014-7
{0}	Approved-Eor Release 209594-14: CIA-RDP80Bß083A000100120014-7 to whieb all US agenciea ac the Country Team level muoe contribute botb in preparation and execution. c. The Country Team mechanism should cherefore be sy3teaatica11y eployed for developing cour•try plans and coordinating the employment of US resources in their execution. It should o•Lmi1ar1y be utilized as a forum in which eo educate all participants in the complexities of the otherøt business, thug achieving a greater coordination of effort and the local togeeber with a greater versatility 2. Coordination at the A similar need for coordination exists at the national level. The Special Group (CQ I) fulfills this need in zegpece of countrieo certified to as critical. The Tack Force mechanism under the chairnansh.tp of Che of State 13 a r.artial answer to the need. But beneath the level of criticalit:, which the *eels 1 •oup (Col) aqd the Taok Forces ere coz cemwd, Chere are a vide of countries whoae ingurgency problca-d are dealt with on a legs Jnt and effect'ive basic from the standpoint of coordination. Department of State øhould therefore take a lead in devlßing mcxe effective nethtd3 of thoge coordinating ae the national pzogzams recomendod to ie by tho Country Team. 3. Strategic roles of the Country Team. Strategically, the Country Team should strive toward thoøe capabilities in oupport of the s SECRET Approved For Release 2005/04/22 : CIA-RDP80B01083A000100120014-7
{0}	Approved-Eor Release 2005/04/22 : CIA-RDP80BßQ83A000100120014-7 SECRET - 45 — the Ambageador's and Deparüene of State' 3 over-all responsibilities for the conduce of US foreign relationa: a. Adequately trained personnel generally Indoctrinated in the entire range OE problems confronted by the variouo US agencieg in a modeming tociety, including the problem of subversive Ingurgency. 8 b. Carefully evaluated intelligence on a 80c1eey7Foints of Strength and vulnerability and oa itc leaders, innovatorz and diggident8, including and organizers and fronts. Ail US agencies can make uniquo to our intelligence map of a aociety. e. The widest possible contacts with all sectors of the society, including the opposition. All agencie8 should zystematicaliy widen contacts in the sectors of their principal intereat. d. A capacity to undergtand and to diecuso the country' 8 problems in depth with all claszeg of people. A consistent dialogue on tba country" problems Chouid be a strategic purpoae of all US agencies, both because it will divulge attitudes and intelligence and becauze it will assiet us in mastering the complexities of the local scene. e. A capability of coordinating US resources in zuppore of centrist political groupings capable of assuming political pover and of trangferring it through orderly processes. fo An ability SECY Approved For Release 2005/04/22 : CIA-RDP80B01083A000100120014-7
{0}	Approved For Release 2005/04/22 : CIA-RDP80B01083A000100120014-7 SECRET — 46 f. An abili.cy eo work with tho local govermnene in explaining iC3 psggramg and problc-R'3 eo Che people ae large. g. An ability Co Influence Che local military toward a balanced of external and internal defense capabilitiea which will assure a total defense of the gociety witb minimum drains on local regourccg. h. An Gbiliey to influence the critical sectors out. eptible to influences in Free World values and purpoaes their society. i. An ability Co influence political and social develop— ment more effectively through Ccvclopmental and iNi1itazy aogictance and training. 4. Dapaae.ænt of in the field, the Rabaæador and Department of Stste porzcnr.el ,-.etcched to his otaff ghould take the Icc,d in the oecateglc roles of the Country Tcca, above, in giving tactical counæel eo ot:ber US agencieg. The Ambassador one more counterinsurgency aseigncd to hiß staff zhould algo Cake the lead putting together the country plan, in coordinating execut1GN, and in integrating the plan into the totality of US foreign policy ag maintained and coordinated at the country level by the Ambaaseäci'. 5. The Depaz•tyßnt SECRET Approved For Release 2005/04/22 : CIA-RDP80B01083A000100120014-7
{0}	Approved For Release 2005/04/22 : CIA-RDP80B04083A000100120014-7 SEC2E2 — 47 5. The Department of Dafenoe. the ctraecgic rola of Defence, in cooparatloa Vith AID and CIA, Co c.cF3iGt local country in developing a balanced security {Gternal regourccs, which (police) cecurity age inst: (AID, CIA) can by (a) in Che coaplexit±c.a cf the ..:c on country a of military external thrca€k Defeaoe coztx•ibütionc of C.: . :.raxaiac••, local .itarsz c. of thc .xCer- relationship CF. zxcdernizeeion insurgencv• local Co gee ineo businoca of action—building action, caz Che •.Ä\.C of goverzeent to Che couzcryglde, literacy c economic of in literacy, local eo be dual puzÜ -at and intvagcructure, training civics); (c) training the ' a central Eecug internal dafanzo where the Cireae 1B not ca'diblc Latin k:erica) ; and (d) oricmticg local toward Chi%.: ve weat ao frem thcm In Tazodezz:lzlng eocioeieg (zeinwuzc a takeover, on civil authorir.y, awi naxi.ao•:- uzöaæeanding of tt-;e coagtruetive roleg they eau uay in aszigting t,he civil authorities to n:odernize their countries) 60 AjD and SEC Approved For Release 2005/04/22 : CIA-RDP80B01083A000100120014-7
{0}	Approved For Release 2005/04/22 : CIA-RDP80BO+083A000100120014-7 40 — AID and Defence provide Cha craf.xtiag nad cccncr.üics cmd Cachnieal reæøurce.•s and sauct rely to z chi-eve: car: ob#cci-vcs. AD, in has tze of coerd•ireelng dovelcpncat:al arui txiii-tary agaiotenee within of eba local couaery%3 plan and Che US cou2tZ7 plan; algo training in technical fielda, including public cafety (police ecchniqucc). AID' g zolocmæ&3 largely uafulfilledø•inclüde to reccurceg to 122duca ax? political dovelopnen;: . involvcmene tho cu-ct:ch; how to mora effectively to etizulaee an inf:enal toward xodernlzaeion; eo --7.t3 enoz%åouc {nCe1i.tgcnce collection J: US couaZ7.7 can give Co civil j efforCi3 Co prcceco, euc•uid provide earc•f.tall•: evaluated Eor the i2filerate aaä country and Ccz=-anißt eceiviti(2$, ar:d 2',aieca1n coverc Gffcti3i'07ü In coordination tilth rofcnso cred cvprcved by the Country tachingtca. 8. USIA can play a gora crcr:tive axvd iracinæt•lve role than If. hag in the pase 12 advi-cinz thc .Lücs1 govea-æicne on eo cozzuaicece Approved For Release 2005/04/22 : CIA-RDP80B01083A000100120014-7
{0}	Approved For Release 2005/04/22 : CIA-RDP80B04083A000100120014-7 SECRET — 49 — æoce effectively with the people, cn hov to conduct psychological opezacionc insurgentc, and in supporting the local government in explaining the problcms of modernization in cisple and understandable terms. Theee purpooaø are doubtlecg of greater •irzpoctance to US ineereet8 Chen ' •selllng'l the traditional US of an effluent and philanthropic cocieCy . In the new societies, it urgent that the ma03 of the people understand what the modezaicatioa procesg is and the extent to v.'hich its guccesg dependo on LD'.a1 effort (self—help) end under— oæandlag. rreedoa fxcm colonial equated with the by nil ilons {n the rubbed off on cheir pron13G8. If wa ore eo naka a organizatioaz eo ccæbet .oorld and diaenchaatß22t heo ezflaæd by -'d couneo•eeao and counter— •zozo it ehould ccart in all crit: gect0K3 with objective explanationc of izatioa ia . aaa mean ag agaiüGt under Cozaunicn. Tha failures OE (',avaunå.ea In ehQ agricultural and its digtrugt of tha poagant9 ghou3.a be carefully at the village level. the strategic thcme might: Eo align the local Ü<uverznent, and ourgelveg in support thereof, teith what might be calicd the i.e., Che tight of the people of e society to faghion their awn modernization system somewhere between the extremes of US privatc enterprise and COEUQIGÄ. 1. SECPZT CYFEZ%IVE Approved For Release 2005/04/22 : CIA-RDP80B01083A000100120014-7
{0}	Approved For Release 2005/04/22 : CIA-RDP80B04083A000100120014-7 1. COIJNTERT.I\SIJRES AGA.XfiS'2 LGCPÆSSION Cozzxnisc-directcd Incurgcncy in a country iD civca direce naeerlal and humaa Ecoa an adjacent controlled area, the United Statea and the local t,overament cbould coa3idcr the enploymeat of fcegibla eo zaite ouppore from the canccuary difficult or uaprofieable or unaæcpeably rioky. ficrhapo this ig place te Incort BfiSP diecu3ßicrn of thig cctz7 J. or ALLIES Wherever pcgaiblc, wc cur own rezourceg by metropoles) and iztcrnaeicx. fio ba d--.rolcped aftez: Among via-ich como to the effect•.iveneco of coacez•t with allies (fozæer •par azo ceeeled. coordination ae tha national level, (b) more political training for the foreign military, (c) offcaüi.ve ccuntar—mcnoureg (toothe for—eye (d) the Impondcrablos In the modernizai:i.cn p tocess (what docea•-iaa) we done e about (e) operational concepts far AID/ü31A •In the field, and (f) naw analytical line3 Of SIP 'tracegic Otudieg in Latin AX.oric'F-for uti lizing economic aid to procote political and goci-al developmenta VII. Approved For Release 2005/04/22 : CIA-RDP80B01083A000100120014-7
{0}	Approved-For Release 2005/04/22 : CIA-RDP80B04083A000100120014-7 - 51 - VII. OPERATIONAL Llr.1RS ACTION 30 be picked up from the Ritchaa—Z'Iooeo paper, perhepß Vieh e-cma Incorporations fraa the Bigsoll Report7 VIII. ROLES MISSIONS ßtchen•Mozez paper, porhapo aunded Vith agency inputs eo Special Group (C—Ii7 ccæcz.tÆ10,'ü3 nay aot nccg SECRET Approved For Release 2005/04/22 : CIA-RDP80B01083A000100120014-7
