case,rupture_or_target,horse_prediction,zebra_prediction,black_zebra_prediction,observed_signatures,missing_signatures,independent_streams,adjudication,confidence
Syria,"pressure Assad; opposition governance; counter-ISIS","separate agencies pursue aid, diplomacy and security missions with routine embassy coordination","State/USAID/DOD and partners intentionally divide governance, political, stabilization and armed-support roles around common objectives","concealed CIA recruitment, vetting, arming, training, cutouts or secret funding","explicit public role allocation; support to local councils/media/opposition; stabilization review; reported covert CIA program; congressional reproduction; separate DOD track","no public universal command memo; USAID not shown tasking CIA or managing weapons","State and USAID records; OIG; congressional record; independent reporting",HYBRID_WITH_BLACK_ZEBRA,high
Ukraine,"Maidan; later defense of Ukraine","democracy aid and diplomatic contact reflect ordinary support; Maidan driven by local grievances and repression","civil-society, media, election, diplomacy and economic tools deliberately reinforce a pro-European democratic objective","concealed intelligence partnership or covert operational support","CDCS explicitly links civil society and diplomatic pressure; public diplomacy; post-2014 security aid; reported later CIA relationship","no primary evidence USAID/CIA directed Maidan; later intelligence architecture cannot be back-projected","USAID/State documents; GAO; independent reporting",HYBRID,medium
Venezuela,"democratic transition from Maduro","humanitarian and democracy programs respond independently to crisis","recognition, sanctions, transition planning, aid and diplomatic pressure intentionally form a combined toolkit","concealed recruitment or operational direction of opposition","whole-of-government language; transition framework; aid agreement with interim government; sanctions and recognition","no verified covert compartment; transition failed; economic crisis has multiple causes","State policy; USAID OIG; GAO",HYBRID,high
Haiti,"post-assassination succession","aid and police/election programs are normal assistance while local elites resolve succession","diplomatic recognition and aid/security relationships intentionally shape acceptable transition","covert role in assassination or concealed candidate installation","Core Group statement favored Henry; State acknowledged engagement with rival claimants; long governance/police portfolio","no evidence USAID caused or knew of assassination; no covert funding/tasking record","State briefings and HRR; GAO",HYBRID,medium
Sri Lanka,"Rajapaksa resignation","aid programs coexist with crisis; economic collapse drives protest","civil-society/election/media funding combined with diplomacy to produce leadership change","concealed protest direction or funding","substantial democracy portfolio and Indo-Pacific strategy overlap","no event-specific role allocation, tasking, synchronized pressure or covert evidence; strong domestic economic chain","USAID strategy/portfolio; State HRR; GAO",HORSE,high
Bangladesh,"Hasina departure","democracy programs and election pressure coexist with student-led quota protest","party, youth, civil-society, media and visa-policy roles intentionally converge on political opening","concealed organization or operational support to protest","CDCS democracy design; CEPPS network; election diplomacy and visa pressure","no verified bridge to protest organizers; no covert compartment; disputed quotation excluded","USAID strategy/evaluation; State; NDI/IRI",UNRESOLVED,medium
Myanmar,"2021 coup and resistance","military causes coup; aid actors react according to mandates","post-coup committee, assistance redirection, sanctions, diplomacy, media and NUG support intentionally converge","concealed support to armed resistance","public interagency committee; redirected government-benefiting aid; NUG capacity support; sanctions","no evidence United States produced coup; no verified covert compartment in reviewed record","State; GAO; USAID",HYBRID,high
Georgia,"2024 foreign-agent/election crisis","democracy aid and diplomatic criticism are ordinary policy convergence","CMKI strategy, civil-society/media support, aid review, visas and sanctions deliberately combine against democratic backsliding/Russian influence","concealed sponsorship or secret tasking","explicit CMKI framework integrated into country strategy; large democracy portfolio; coordinated coercive tools","no Black Zebra evidence; government remained in power","USAID OIG; USAID strategy; State; GAO",ZEBRA,high
OCCRP,"anti-corruption information pipeline","independent journalism receives ordinary grants and publishes in public interest","government deliberately funds independent reporting capacity because outputs can trigger governance, prosecutorial and asset-recovery action","secret editorial tasking or concealed sponsorship","NOFO specifies legally actionable information and downstream action; USAID evaluation links reporting to official consequences; Ukraine records use; intermediary grant architecture","NOFO bars editorial influence; OCCRP says donors lack story input; no secret tasking found","State NOFO; USAID evaluation; OCCRP policies",ZEBRA_NOT_BLACK,high
Tides_BLM_FJP,"domestic bleedback","separate foreign and domestic programs share fiscal sponsor but money is restricted","foreign grant overhead subsidizes an intermediary whose infrastructure also supports domestic political projects","concealed pass-through or false attribution","Tides received USAID grants and separately sponsored BLM/FJP; shared organization/infrastructure","Tides says no USAID funds to BLM/FJP; FJP says no USAID/public-agency funding; no award-level pass-through traced","Tides statements and policies; FJP FAQ",HORSE_WITH_INDIRECT_ORGANIZATIONAL_OVERLAP,high
NewsGuard,"domestic information ratings","DOD research contract and commercial rating business are separable","federal R&D develops tools with later domestic influence utility","secret government tasking of domestic rating decisions","documented Air Force/Cyber Command misinformation-fingerprint contract","no evidence government directed later domestic ratings; contract ended","USAspending; federal court record",UNRESOLVED,medium
Poynter_PolitiFact,"domestic fact-checking","independent nonprofit funding and USAID program references are ordinary ecosystem overlap","foreign-assistance funding or training cross-subsidizes domestic political fact-checking","concealed pass-through","shared global fact-checking institution; USAID documents cite Poynter resources","no authenticated direct USAID-to-PolitiFact award found; no domestic tasking","Poynter disclosures; USAID assessment",HORSE,medium
CIR,"foreign investigative/OSINT projects","State grants fund bounded foreign projects with editorial separation","public funding deliberately develops information useful to policy or accountability actors","secret editorial tasking","CIR discloses State/FCDO funding for foreign projects and editorial independence","no USAID award found; no traced domestic political operation; no secret tasking","CIR FAQ",ZEBRA_AT_FOREIGN_PROGRAM_LEVEL,medium
