country,event_date,map_category,label,reason
Syria,2011-2020,HYBRID_BLACK_ZEBRA,"Syria","Overt governance/diplomatic/stabilization network plus separately documented covert CIA compartment"
Ukraine,2014-02,HYBRID,"Ukraine","Deliberate pro-European democracy architecture; no proof of operational control over Maidan"
Ukraine,2022-02,ZEBRA,"Ukraine defense","Explicitly combined diplomacy, aid, military and intelligence support after invasion"
Venezuela,2019-01,HYBRID,"Venezuela","Open transition toolkit plus ordinary humanitarian activity and strong local causes"
Haiti,2021-07,HYBRID,"Haiti","External recognition shaped succession; assassination causation not shown"
Sri Lanka,2022-07,HORSE,"Sri Lanka","Portfolio overlap dissolves under economic-causation test"
Bangladesh,2024-08,UNRESOLVED,"Bangladesh","Democracy network real; event-level bridge absent"
Myanmar,2021-02,HYBRID,"Myanmar","Coup locally/militarily caused; post-coup response deliberately networked"
Georgia,2024-05,ZEBRA,"Georgia","Explicit CMKI strategy plus aid, visa and sanctions tools"
Bolivia,2019-11,UNRESOLVED,"Bolivia","Historic democracy assistance; operational bridge absent"
Nicaragua,2018-04,HYBRID,"Nicaragua","Deliberate opposition/civil-society pressure plus locally initiated protest"
Pakistan,2022-04,UNRESOLVED,"Pakistan","Strategic overlap; constitutional chain and denial remain"
Armenia,2018-05,UNRESOLVED,"Armenia","Capacity overlap without event-level proof"
Sudan,2019-04,HORSE,"Sudan","Domestic protest/military defection dominate"
Ethiopia,2020-11,HORSE,"Ethiopia","Federal-regional armed conflict dominates"
Belarus,2020-08,HYBRID,"Belarus","Deliberate support/pressure, but protest generation not shown"
Tunisia,2021-07,HORSE,"Tunisia","Power seizure contradicted U.S. democracy objectives"
Lebanon,2019-10,HORSE,"Lebanon","Fiscal and sectarian crisis dominate"
Iraq,2019-10,HYBRID,"Iraq","Integrated U.S. ecosystem; protest locally generated"
Afghanistan,2021-08,HYBRID,"Afghanistan","Deliberately networked wartime system whose collapse was unintended"
Serbia,2024-11,UNRESOLVED,"Serbia","Assistance overlap; bridge to protest not verified"
Moldova,2024-10,ZEBRA,"Moldova","Explicit counter-influence and resilience toolkit"
Kyrgyzstan,2020-10,HORSE,"Kyrgyzstan","Election and elite dynamics dominate"
Kazakhstan,2022-01,HORSE,"Kazakhstan","Fuel shock, elite conflict and CSTO response dominate"
