country,event,event_start,event_peak_or_transition,leadership_effect,pre_event_usaid_activity,other_us_tools,local_immediate_causes,zebra_classification,confidence,causation_note
Syria,uprising and civil/proxy war,2011-03,2013-2017,Assad challenged but retained power,"OTI; opposition governance; local councils; media; civil society; public safety","State diplomacy; CIA Timber Sycamore; DOD support; partner states; sanctions","repression; armed fragmentation; regional intervention",HYBRID_BLACK_ZEBRA,high,"State-USAID combined teams and DOD-backed working groups directly document overt role division; the separately documented covert track was strategically complementary by strong inference, not USAID-controlled"
Ukraine,Maidan and Yanukovych ouster,2013-11,2014-02,Yanukovych fled,"civil society; elections; political parties; media; governance","State diplomacy; later security and reported CIA partnership","EU-association reversal; police violence; elite defection; Russian pressure",HYBRID,medium,"Long-run environmental shaping is a corroborated strong inference; event-level operational direction remains unsupported"
Ukraine,Russian full-scale invasion,2022-02,2022-02,wartime government continuity,"democracy; media; anti-corruption","DOD training/arms; State diplomacy/sanctions; intelligence cooperation","Russian decision to invade",ZEBRA,high,"Deliberately assembled defense/support response, not a U.S.-caused rupture"
Venezuela,dual presidency and transition campaign,2019-01,2019-2019,Guaido recognized; Maduro remained,"democracy and civil-society assistance","recognition; sanctions; transition framework; humanitarian aid","contested election; economic collapse; repression",HYBRID,high,"Explicit combined toolkit; outcome and humanitarian programs were mixed"
Haiti,Moise assassination and succession,2021-07,2021-07,Ariel Henry installed as prime minister,"election; governance; civil society","Core Group diplomacy; INL police/justice","assassination; constitutional ambiguity; elite struggle",HYBRID,medium,"External recognition shaped succession; no evidence USAID caused assassination"
Sri Lanka,Aragalaya and Rajapaksa resignation,2022-03,2022-07,President resigned,"governance; elections; media; justice","diplomacy; IMF and multilateral engagement","debt; reserves collapse; shortages; family rule",HORSE,high,"Portfolio overlap without evidence of deliberately divided roles aimed at removal"
Bangladesh,quota protests and Hasina departure,2024-07,2024-08,Prime minister departed; Yunus interim government,"political parties; elections; polling; CSOs; youth; media","visa pressure; election diplomacy; longstanding Yunus relationship; rapid post-transition aid","quota ruling; repression; student mobilization; economic discontent",UNRESOLVED,medium,"Dense network and successor affinity are high-diagnostic context; no protest-direction or successor-selection bridge was recovered"
Myanmar,military coup,2021-02,2021-02,civilian government removed,"democracy; civil society; media","sanctions and diplomacy","military seizure after election loss",HORSE,high,"U.S. policy opposed rather than produced the coup"
Myanmar,post-coup resistance support,2021-02,2021-2024,NUG and resistance capacity supported,"redirected aid; civil society; media","interagency committee; sanctions; diplomacy",ZEBRA,high,"Public record describes deliberate interagency redirection and complementary support"
Georgia,foreign-agent law and election crisis,2024-04,2024-12,government remained; accession path damaged,"civil society; media; elections; CMKI","visa restrictions; sanctions; aid review","ruling-party legislation; polarization; Russian pressure",ZEBRA,high,"Explicit Russia-countering strategy and coordinated policy tools; no covert compartment found"
Bolivia,Morales resignation,2019-10,2019-11,president resigned,"historic democracy/election programs","diplomatic recognition and regional pressure","disputed election; police/military withdrawal; mass protest",UNRESOLVED,low,"Overlap exists; reviewed record lacks a verified operational bridge"
Nicaragua,protests and repression,2018-04,2018-2018,regime survived,"civil society; media; democracy","sanctions and diplomacy","social-security reform; repression; opposition mobilization",HYBRID,medium,"Strategic opposition support and pressure documented; initiation/control of protests not shown"
Pakistan,no-confidence removal,2022-03,2022-04,prime minister removed,"democratic institutions; civil society; press","diplomacy and security relationship","coalition defections; constitutional parliamentary vote",UNRESOLVED,medium,"Broad programs and strategic interests do not prove orchestration; State denied party preference"
Armenia,Velvet Revolution,2018-03,2018-05,Pashinyan became prime minister,"civil society; advocacy; governance","diplomatic engagement","term-extension dispute; mass protest; elite concession",UNRESOLVED,medium,"Capacity-building overlap present; event-level direction not established"
Sudan,Bashir ouster,2018-12,2019-04,president removed,"limited governance/civil-society and humanitarian aid","sanctions history; diplomacy","bread prices; austerity; military defection",HORSE,medium,"Local causes and restricted U.S. relationship dominate"
Sudan,military coup,2021-10,2021-10,civilian transition interrupted,"transition support","aid suspension and diplomacy","military-civilian conflict",HORSE,high,"U.S. opposed the coup"
Ethiopia,Tigray war,2020-11,2020-11,federal-regional war,"large development/humanitarian portfolio","diplomacy and later sanctions pressure","constitutional dispute; ethnic federalism; armed confrontation",HORSE,high,"Aid presence is not evidence of constructing the war"
Belarus,disputed election and protests,2020-08,2020-08,regime survived,"civil society; independent media; democracy","sanctions and diplomatic pressure","electoral fraud; repression; domestic mobilization",HYBRID,medium,"Deliberate support/pressure architecture existed; U.S. generation of protest not established"
Tunisia,presidential power seizure,2021-07,2021-07,parliament suspended,"democracy; civil society; economic support","diplomacy and conditionality","institutional deadlock; pandemic; economic crisis",HORSE,high,"Outcome contradicted stated U.S. democracy goals"
Lebanon,Tishreen protests and government resignation,2019-10,2019-10,Hariri resigned,"governance; civil society; services","security aid; diplomacy","tax proposal; fiscal collapse; sectarian governance",HORSE,medium,"No verified role-allocation evidence toward resignation"
Iraq,Tishreen protests,2019-10,2019-11,prime minister resigned,"stabilization; governance; civil society","DOD/State security and diplomacy","corruption; unemployment; militia violence",HYBRID,medium,"Integrated U.S. toolkit existed but protest initiation remains locally explained"
Afghanistan,Taliban takeover,2021-05,2021-08,republic collapsed,"governance; media; civil society; stabilization","DOD war; CIA partnership; State diplomacy; counternarcotics","withdrawal; military collapse; Taliban campaign",HYBRID,high,"Wartime network was deliberate; collapse was its failure, not intended strategic effect"
Serbia,canopy-collapse protest wave,2024-11,2025-2025,government pressured,"civil society; media; governance","EU/US diplomacy","fatal infrastructure collapse; corruption anger",UNRESOLVED,low,"No verified operational bridge in screened public record"
Moldova,election/referendum interference crisis,2024-10,2024-11,pro-EU government retained,"elections; media; resilience; CMKI","sanctions; intelligence exposure; diplomacy","Russian interference; domestic polarization",ZEBRA,high,"Explicit counter-influence framework with complementary policy tools"
Kyrgyzstan,election protests and presidential resignation,2020-10,2020-10,president resigned,"civil society; media; governance","diplomacy","disputed election; party and elite mobilization",HORSE,medium,"Long aid presence but no deliberate U.S. role allocation toward turnover found"
Kazakhstan,January unrest,2022-01,2022-01,government survived; elite reshuffle,"civil society; governance; economy","diplomacy","fuel-price shock; inequality; elite struggle; CSTO intervention",HORSE,high,"Immediate causal chain is domestic/regional"
