country,region,usaid_presence_2016_2026,democracy_governance_media_activity,major_rupture_screened,rupture_date,screen_role,notes,source
Syria,Middle East,yes,"OTI; local governance; civil society; independent media; stabilization",yes,2011-2020,flagship,"Aid operated alongside diplomatic, DOD and covert channels; no claim that USAID ran Timber Sycamore",https://2017-2021.state.gov/u-s-relations-with-syria/
Ukraine,Europe/Eurasia,yes,"civil society; elections; independent media; anti-corruption",yes,2014-02 and 2022-02,flagship,"Pre-Maidan democracy programming is documented; later CIA partnership does not establish USAID/CIA control of Maidan",https://2012-2017.usaid.gov/sites/default/files/documents/1863/USAID_Ukraine_CDCS_2012-2016.pdf
Venezuela,Latin America,yes,"democracy assistance; civil society; transition support",yes,2019-01,flagship,"Recognition, sanctions, aid and transition planning were coordinated; humanitarian activity and domestic economic causes remain substantial",https://2017-2021.state.gov/u-s-relations-with-venezuela/
Haiti,Caribbean,yes,"elections; governance; civil society; police and justice through wider USG",yes,2021-07,flagship,"Core Group influenced succession after assassination; no evidence USAID caused the assassination",https://2021-2025.state.gov/briefings/department-press-briefing-july-19-2021/
Sri Lanka,South Asia,yes,"elections; governance; media; justice",yes,2022-07,flagship_control,"Substantial portfolio but immediate causal record is economic collapse and mass protest",https://2021-2025.state.gov/reports/2022-country-reports-on-human-rights-practices/sri-lanka/
Bangladesh,South Asia,yes,"parties; elections; civil society; youth; media",yes,2024-08,flagship,"Documented democracy network; causal bridge to quota revolt and Hasina departure not found",https://www.usaid.gov/sites/default/files/2023-06/Bangladesh-CDCS-2020-2027-FINAL_1.pdf
Myanmar,East Asia,yes,"civil society; media; democracy; post-coup assistance redirection",yes,2021-02,flagship,"Military caused coup; post-coup interagency response deliberately redirected assistance and supported democratic actors",https://2021-2025.state.gov/u-s-relations-with-burma/
Georgia,Europe/Eurasia,yes,"civil society; media; elections; countering malign Kremlin influence",yes,2024-05 to 2024-12,flagship,"Explicit regional strategic framework plus aid shifts, visa restrictions and sanctions",https://oig.usaid.gov/node/5198
Bolivia,Latin America,yes,"historic elections; governance; rule of law",yes,2019-11,secondary,"Longstanding democracy aid; no verified operational bridge to Morales resignation in reviewed record",https://www.gao.gov/assets/gao-03-358.pdf
Nicaragua,Latin America,yes,"civil society; media; democracy; historic electoral support",yes,2018-04,secondary,"Historic precedent is strong; modern protest causation remains claim-specific",https://www.gao.gov/products/gao-03-358
Pakistan,South Asia,yes,"democratic institutions; civil society; press; humanitarian and development aid",yes,2022-04,secondary,"Constitutional no-confidence vote and State denial weigh against covert-removal inference",https://2021-2025.state.gov/reports/2022-country-reports-on-human-rights-practices/pakistan/
Armenia,Europe/Eurasia,yes,"civil society; governance; advocacy",yes,2018-04,secondary,"Preexisting capacity is documented; causal role in Velvet Revolution not established",https://2017-2020.usaid.gov/sites/default/files/documents/1863/CDCS_Armenia_Dec_2020.pdf
Sudan,Africa,yes,"humanitarian; civil society; transition assistance",yes,2019-04 and 2021-10,secondary_control,"Military and domestic protest dynamics dominate public record",https://www.state.gov/u-s-relations-with-sudan/
Ethiopia,Africa,yes,"large humanitarian and development portfolio; governance",yes,2020-11,secondary_control,"Federal-regional conflict and domestic political rupture dominate causal record",https://www.usaid.gov/ethiopia
Belarus,Europe/Eurasia,yes,"civil society; independent media; democracy",yes,2020-08,secondary,"Deliberate support to democratic actors and pressure on regime; no proof U.S. generated protest",https://www.state.gov/u-s-relations-with-belarus/
Tunisia,Middle East/North Africa,yes,"democratic institutions; civil society; economic aid",yes,2021-07,secondary_control,"Saied's constitutional self-coup ran against U.S. democracy objectives",https://2021-2025.state.gov/reports/2022-country-reports-on-human-rights-practices/tunisia/
Lebanon,Middle East,yes,"governance; civil society; municipal services; humanitarian",yes,2019-10 and 2020-08,secondary_control,"Fiscal collapse, sectarian system and port explosion supply stronger immediate causes",https://www.state.gov/u-s-relations-with-lebanon/
Iraq,Middle East,yes,"stabilization; governance; civil society; security assistance",yes,2019-10,secondary,"Public and security programs were strategically integrated; protest onset remains locally driven",https://www.usaid.gov/iraq
Afghanistan,South Asia,yes,"governance; media; civil society; counternarcotics; stabilization",yes,2021-08,secondary,"Highly integrated wartime toolkit; Taliban victory reflects war outcomes, not a U.S.-desired transition",https://www.gao.gov/products/gao-10-291
Serbia,Europe/Eurasia,yes,"media; civil society; governance",yes,2024-11 to 2025,secondary,"Foreign-assistance overlap present; reviewed evidence does not establish assembled leadership-change operation",https://www.usaid.gov/serbia
Moldova,Europe/Eurasia,yes,"elections; media; resilience; countering Russian influence",yes,2024-10,secondary,"Explicit counter-influence strategy with diplomatic and assistance tools",https://oig.usaid.gov/node/5198
Kyrgyzstan,Central Asia,yes,"civil society; media; governance",yes,2020-10,secondary_control,"Election dispute and elite fragmentation better explain rapid turnover",https://www.usaid.gov/kyrgyz-republic
Kazakhstan,Central Asia,yes,"governance; civil society; economic development",yes,2022-01,secondary_control,"Fuel-price shock, elite struggle and CSTO intervention dominate event evidence",https://www.state.gov/u-s-relations-with-kazakhstan/
Ghana,Africa,yes,"governance; elections; health; agriculture",no,,comparison,"USAID presence without comparable leadership rupture in screened window",https://www.usaid.gov/ghana
Senegal,Africa,yes,"governance; health; economic growth",no,,comparison,"USAID presence without selected rupture",https://www.usaid.gov/senegal
Kenya,Africa,yes,"governance; health; economic growth",no,,comparison,"Protests occurred but no selected regime rupture in the screen",https://www.usaid.gov/kenya
Tanzania,Africa,yes,"governance; health; economic growth",no,,comparison,"USAID presence without selected rupture",https://www.usaid.gov/tanzania
Nepal,South Asia,yes,"governance; health; resilience",no,,comparison,"USAID presence without selected rupture",https://www.usaid.gov/nepal
Indonesia,East Asia,yes,"governance; health; climate",no,,comparison,"USAID presence without selected rupture",https://www.usaid.gov/indonesia
Philippines,East Asia,yes,"governance; media; security-linked development",no,,comparison,"Leadership changed through scheduled elections, not selected rupture",https://www.usaid.gov/philippines
Jordan,Middle East,yes,"governance; water; economic support",no,,comparison,"Large strategic program without selected rupture",https://www.usaid.gov/jordan
Morocco,Middle East/North Africa,yes,"governance; economic growth; education",no,,comparison,"USAID presence without selected rupture",https://www.usaid.gov/morocco
Botswana,Africa,yes,"health; governance",no,,comparison,"USAID presence without selected rupture",https://www.usaid.gov/botswana
Namibia,Africa,yes,"health; governance",no,,comparison,"USAID presence without selected rupture",https://www.usaid.gov/namibia
Malawi,Africa,yes,"health; governance; agriculture",no,,comparison,"USAID presence without selected rupture",https://www.usaid.gov/malawi
Rwanda,Africa,yes,"health; economic development; governance",no,,comparison,"USAID presence without selected rupture",https://www.usaid.gov/rwanda
Liberia,Africa,yes,"governance; health; economic growth",no,,comparison,"USAID presence without selected rupture",https://www.usaid.gov/liberia
Guatemala,Latin America,yes,"governance; justice; civil society; migration",no,,comparison,"Political conflict exists but no selected leadership rupture in screen",https://www.usaid.gov/guatemala
Honduras,Latin America,yes,"governance; justice; violence prevention",no,,comparison,"Scheduled electoral turnover used as comparison",https://www.usaid.gov/honduras
Dominican Republic,Caribbean,yes,"governance; justice; economic development",no,,comparison,"USAID presence without selected rupture",https://www.usaid.gov/dominican-republic
