proposition,horse_observable_signatures,zebra_observable_signatures,black_zebra_observable_signatures,present_signatures,missing_signatures,independent_evidence_streams,adjudication,confidence
"Independent autonomy and strategic utility can coexist","donor support has no strategic outcome theory","recipient keeps operational/editorial autonomy while funder deliberately buys capacity and measures downstream effects","hidden subsidy or secret tasking shapes ostensibly independent activity","Wilford/Saunders historical fronts; OCCRP award evaluation plus editorial-control clause","no modern OCCRP story-tasking or covert subsidy record","supplied books; USAID evaluation; OCCRP disclosed grant language",ZEBRA_NOT_BLACK,high
"Successor-network cultivation matters during rupture","public figures have ordinary international ties","repeated pre-event programs create access relationships and a politically relevant successor field","secret selection agreement or operational installation","Haiti Core Group endorsement; Bangladesh program ecosystem and Yunus affinity","Bangladesh event bridge; Haiti assassination link","BINUH/State/USAID program and chronology records",HYBRID_TO_UNRESOLVED,medium
"USAID operates as an interface among State, CIA and DOD","routine embassy coordination; separate mandates; no common target","explicit role allocation; synchronized country strategy; shared political objective","covered personnel; secret tasking; clandestine funding or liaison","Syria public roles; stabilization review; Ukraine/Georgia strategic integration; Venezuela whole-of-government framework","no general proof USAID serves as CIA interface; country variation is large","State/USAID/GAO/OIG plus independent reporting",HYBRID,high
"Foreign assistance can function as attribution or oversight mechanism","grant rules and audits reflect stewardship","civilian funding deliberately used where attribution, access or legal authority matters","concealed sponsor or false attribution","ZunZuneo subcontracting; opposition/civil-society layers; Tides and OCCRP intermediary chains","limited proof that attribution avoidance is general purpose of foreign aid","OIG/GAO/award records/recipient policies",HYBRID,medium
"Funding, policy and operations are deliberately divided","normal appropriations and agency expertise create division","documents assign complementary responsibilities toward shared objectives","secret tasking joins visible and concealed roles","Syria; Venezuela; Stabilization Assistance Review; CMKI; post-coup Myanmar","not present in every country or program","official strategies, funding records and oversight",ZEBRA,high
"Civil society is used for political influence","capacity building has public democratic purpose","strategies explicitly use civil society to apply pressure, shape participation or counter adversary influence","concealed recruitment or direction","Ukraine CDCS says civil society plus diplomacy maintain pressure; Georgia CMKI; Bangladesh party/civic programs","event-level control of protest usually missing","USAID strategies/evaluations; State records",ZEBRA_AT_STRATEGY_LEVEL,high
"Contractors and NGOs form intermediary layers","outsourcing supplies expertise and local access","intermediaries deliberately create reach, specialization and separation from government","cutouts; shell companies; concealed sponsorship","CEPPS; OTI implementers; ICFJ/OCCRP; Tides fiscal sponsorship; Syria implementers","intermediary status alone does not prove deniability or control","award/evaluation documents and organizational disclosures",HYBRID,high
"Civilian programs generate information useful to other agencies","monitoring and journalism naturally generate public information","programs are designed to produce actionable information for governance, law enforcement or policy","intelligence requirements; secret reporting; covert recruitment","OCCRP NOFO seeks legally actionable information; anti-corruption outputs trigger official action; monitoring products","no proof OCCRP takes secret story orders; no general intelligence-tasking record","State NOFO; USAID evaluation; OCCRP policy",ZEBRA_NOT_BLACK,high
"Intelligence benefit can occur without formal ownership","agencies consume public/partner reporting incidentally","civilian access and outputs are intentionally structured for broader strategic use","secret requirements or liaison channel","historical OPS precedent; modern media/anti-corruption outputs; embassy coordination","specific CIA receipt/tasking absent in most modern cases","historic primary records plus modern program designs",HYBRID,medium
"Functions migrate after restriction or closure","agencies independently fill policy gaps","authorities, funding or tasks deliberately move to other nodes after restriction","concealed continuation through cutout/proprietary","Section 660-era history; aid shifts from governments to CSOs; 2025 USAID programs moved to State","modern shifts often openly authorized; personnel continuity sparse","statutes; GAO; prior series records",ZEBRA,high
ZunZuneo,"innovation program fails through poor design","civilian authority and contractors build a political communications capability","concealed U.S. sponsorship and subcontractor layers","concealed sponsorship and attribution; contractor layers","no proof CIA owned program; uncertain larger operational integration","USAID OIG and GAO/Part 6 corpus",BLACK_ZEBRA,high
ICITAP,"DOJ technical assistance under distinct law","post-OPS police functions intentionally assigned to DOJ/State funding","concealed intelligence tasking","documented funding-policy-operations split and Section 660 authority","direct CIA control not shown; different statute/mission","GAO, DOJ, statutes from Part 6",ZEBRA,high
"CIA/DEA coordination","normal deconfliction in overlapping narcotics mission","formal reporting/source coordination divides roles for common target","secret handling of sources and operations","Part 6 records show source and intelligence coordination","not a universal USAID interface","CIA records and interagency plans from Part 6",ZEBRA_WITH_BOUNDED_BLACK_FEATURES,medium
Afghanistan,"development and humanitarian programs coexist with war","aid, military, diplomatic, counternarcotics and stabilization roles deliberately reinforce campaign","CIA partnerships and clandestine activity inside larger war","integrated counterinsurgency/stabilization architecture; funding and recipient overlap","development failures and autonomous programs substantial; collapse unintended","GAO/SIGAR/official strategy plus scholarship",HYBRID,high
"Media and anti-corruption networks","independent journalism is ordinary grantmaking","funders intentionally build reporting networks whose outputs enable sanctions, prosecution or political accountability","secret editorial tasking","OCCRP grant design and outcome theory; U-Media; CMKI media programming","editorial-control clauses and donor noninterference; no secret story assignment","NOFO/evaluations/grantee policy",ZEBRA_NOT_BLACK,high
"Domestic bleedback","shared nonprofit ecosystems and reusable tools create incidental overlap","foreign-program resources intentionally subsidize or shape domestic political activity","concealed pass-through or false attribution","Tides shared infrastructure; NewsGuard technology; Poynter global/domestic institution","no traced USAID money to BLM/FJP/PolitiFact; no government direction of domestic ratings","award records; organization disclosures; court record",HORSE_TO_UNRESOLVED,high
"Historical precedent from Parts 1-6 predicts modern network","functional resemblance arises because governments reuse standard tools","known architecture makes role-differentiation signatures more plausible and testable","historic covert compartments recur in bounded modern programs","OPS overt/covert division; TWO-FOLD; ZunZuneo; post-OPS legal migration","precedent cannot prove a modern case; personnel continuity largely absent","declassified records/statutes/GAO and modern primary sources",HYBRID,high
