claim_id,article_id,claim_text,claim_classification,claim_type,article_section,article_excerpt,source_number,source_title,source_url,source_file,source_excerpt,support_type,source_strength,spoiler_scope,teaser_safe,review_required,notes
CLM-USAIDCIA-P01-001,USAID-CIA-P01,"NSAM 132 was dated February 19, 1962.",DOCUMENTED_FACT,DATE,THE PROGRAM THAT DID NOT FIT DEVELOPMENT,"President John F. Kennedy addressed that tension directly in NSAM 132, signed February 19, 1962. His memorandum went to Fowler Hamilton, the administrator of AID. Kennedy said police assistance was a crucial element of the response to Communist “indirect aggression,” even though it could look marginal under criteria focused on sustained economic growth.",2,"NSAM 132, signed February 19, 1962",https://history.state.gov/historicaldocuments/frus1961-63v08/d72,shared_sources/source_gap_hunt/National Security Action Memorandum No. 132.extracted.txt,"Washington, February 19, 1962. TO The Honorable Fowler Hamilton The Administrator Agency for International Development SUBJECT",DIRECT,PRIMARY_OR_OFFICIAL_RECORD,CURRENT_PART,NO,NO,Exact excerpt copied from local extracted source.
CLM-USAIDCIA-P01-002,USAID-CIA-P01,Kennedy described police assistance as crucial to countering Communist indirect aggression.,DOCUMENTED_FACT,EXECUTIVE_DECISION,THE PROGRAM THAT DID NOT FIT DEVELOPMENT,"President John F. Kennedy addressed that tension directly in NSAM 132, signed February 19, 1962. His memorandum went to Fowler Hamilton, the administrator of AID. Kennedy said police assistance was a crucial element of the response to Communist “indirect aggression,” even though it could look marginal under criteria focused on sustained economic growth.",2,"NSAM 132, signed February 19, 1962",https://history.state.gov/historicaldocuments/frus1961-63v08/d72,shared_sources/source_gap_hunt/National Security Action Memorandum No. 132.extracted.txt,"Police assistance programs, including those under the aegis of your agency, are also a crucial element in our response to this challenge",DIRECT,PRIMARY_OR_OFFICIAL_RECORD,CURRENT_PART,NO,NO,Exact excerpt copied from local extracted source.
CLM-USAIDCIA-P01-003,USAID-CIA-P01,Kennedy said police programs could appear marginal under economic-development criteria.,DOCUMENTED_FACT,CONTRADICTION,THE PROGRAM THAT DID NOT FIT DEVELOPMENT,"President John F. Kennedy addressed that tension directly in NSAM 132, signed February 19, 1962. His memorandum went to Fowler Hamilton, the administrator of AID. Kennedy said police assistance was a crucial element of the response to Communist “indirect aggression,” even though it could look marginal under criteria focused on sustained economic growth.",2,"NSAM 132, signed February 19, 1962",https://history.state.gov/historicaldocuments/frus1961-63v08/d72,shared_sources/source_gap_hunt/National Security Action Memorandum No. 132.extracted.txt,"I recognize that such programs may seem marginal in terms of focusing our energies on those key sectors which will contribute most to sustained economic growth. But I regard them as justified on a different though related basis, i.e., that of contributing to internal security and resisting Communist-supported insurgency",DIRECT,PRIMARY_OR_OFFICIAL_RECORD,CURRENT_PART,NO,NO,Exact excerpt copied from local extracted source.
CLM-USAIDCIA-P01-004,USAID-CIA-P01,Kennedy warned that police programs could be neglected because they were a small part of AID.,DOCUMENTED_FACT,AGENCY_ROLE,THE PROGRAM THAT DID NOT FIT DEVELOPMENT,"He also acknowledged a bureaucratic danger. Police programs were a relatively small part of the aid agency, he wrote, and could be neglected. He asked Hamilton to consider giving them greater autonomy and ordered AID to recommend new emphases through the Special Group (Counter-Insurgency).",2,"NSAM 132, signed February 19, 1962",https://history.state.gov/historicaldocuments/frus1961-63v08/d72,shared_sources/source_gap_hunt/National Security Action Memorandum No. 132.extracted.txt,"I am further aware that police programs, as a relatively minor facet of the functions of the aid agency, may have tended to receive little emphasis as a result. Therefore, I would like you to consider various ways and means of giving the police program greater autonomy within AID, if this seems necessary in order to protect it from neglect",DIRECT,PRIMARY_OR_OFFICIAL_RECORD,CURRENT_PART,NO,NO,Exact excerpt copied from local extracted source.
CLM-USAIDCIA-P01-005,USAID-CIA-P01,Kennedy asked AID to review support for local police forces used for internal security and counterinsurgency.,DOCUMENTED_FACT,POLICY_TRANSITION,THE PROGRAM THAT DID NOT FIT DEVELOPMENT,,2,"NSAM 132, signed February 19, 1962",https://history.state.gov/historicaldocuments/frus1961-63v08/d72,shared_sources/source_gap_hunt/National Security Action Memorandum No. 132.extracted.txt,"In sum, I should like AID to review carefully its role in the support of local police forces for internal security and counter- insurgency purposes, and to recommend to me through the Special Group (Counter-Insurgency) what new or renewed emphases are desirable",DIRECT,PRIMARY_OR_OFFICIAL_RECORD,CURRENT_PART,NO,NO,Exact excerpt copied from local extracted source.
CLM-USAIDCIA-P01-006,USAID-CIA-P01,"NSAM 162 was dated June 19, 1962.",DOCUMENTED_FACT,DATE,THE ARCHITECTURE TAKES SHAPE,"Four months later, NSAM 162 widened the frame. Its subject was the development of American and indigenous police, paramilitary and military resources. Police capacity was being discussed as one component of a larger overseas internal-defense system.",3,NSAM 162,https://history.state.gov/historicaldocuments/frus1961-63v08/d91,shared_sources/source_gap_hunt/National Security Action Memorandum No. 162.extracted.txt,"Washington, June 19, 1962. TO",DIRECT,PRIMARY_OR_OFFICIAL_RECORD,CURRENT_PART,NO,NO,Exact excerpt copied from local extracted source.
CLM-USAIDCIA-P01-007,USAID-CIA-P01,"NSAM 162 called for country plans combining military, police, intelligence and psychological measures.",DOCUMENTED_FACT,INSTITUTIONAL_CHANGE,THE ARCHITECTURE TAKES SHAPE,"Four months later, NSAM 162 widened the frame. Its subject was the development of American and indigenous police, paramilitary and military resources. Police capacity was being discussed as one component of a larger overseas internal-defense system.",3,NSAM 162,https://history.state.gov/historicaldocuments/frus1961-63v08/d91,shared_sources/source_gap_hunt/National Security Action Memorandum No. 162.extracted.txt,"These plans will include the military, police, intelligence and psychological measures comprising a well rounded internal defense plan and will be consistent with the military, economic, political and social measures constituting the overall country plan",DIRECT,PRIMARY_OR_OFFICIAL_RECORD,CURRENT_PART,NO,NO,Exact excerpt copied from local extracted source.
CLM-USAIDCIA-P01-008,USAID-CIA-P01,NSAM 162 directed CIA and AID to maintain personnel with paramilitary skills for crisis areas.,DOCUMENTED_FACT,AGENCY_ASSIGNMENT,THE ORDER WITH THE EXCEPTION,"CIA was not absent from the architecture. The director of Central Intelligence received NSAM 177 alongside State, Defense, Justice and AID. Yet receiving the memorandum is not the same as owning every program it created. To understand CIA's operational role, we need the records that describe actual liaison, training and recruitment—not a slogan imposed on a document.",3,NSAM 162,https://history.state.gov/historicaldocuments/frus1961-63v08/d91,shared_sources/source_gap_hunt/National Security Action Memorandum No. 162.extracted.txt,CIA and AID will take action to insure that adequate qualified personnel with paramilitary skills are available. Periodic reports of progress to achieve this objective will be submitted to the Special Group (Counterinsurgency) by CIA and AID,DIRECT,PRIMARY_OR_OFFICIAL_RECORD,CURRENT_PART,NO,NO,Exact excerpt copied from local extracted source.
CLM-USAIDCIA-P01-009,USAID-CIA-P01,NSAM 162 directed CIA to expand training and support for indigenous intelligence organizations.,DOCUMENTED_FACT,AGENCY_ASSIGNMENT,THE ORDER WITH THE EXCEPTION,"CIA was not absent from the architecture. The director of Central Intelligence received NSAM 177 alongside State, Defense, Justice and AID. Yet receiving the memorandum is not the same as owning every program it created. To understand CIA's operational role, we need the records that describe actual liaison, training and recruitment—not a slogan imposed on a document.",3,NSAM 162,https://history.state.gov/historicaldocuments/frus1961-63v08/d91,shared_sources/source_gap_hunt/National Security Action Memorandum No. 162.extracted.txt,"Therefore, the CIA will expand its present training and support efforts to achieve needed improvements in indigenous intelligence organizations and that other U.S. agencies contribute to this CIA coordinated program",DIRECT,PRIMARY_OR_OFFICIAL_RECORD,CURRENT_PART,NO,NO,Exact excerpt copied from local extracted source.
CLM-USAIDCIA-P01-010,USAID-CIA-P01,"The July 20, 1962 committee called police programs a neglected part of countering subversion and insurgency.",DOCUMENTED_FACT,COMMITTEE_RECOMMENDATION,THE ARCHITECTURE TAKES SHAPE,"Then, on July 20, 1962, an interagency committee chaired through the State Department delivered its recommendations. The published Foreign Relations memorandum is short, but the Kennedy Library folder preserves the fuller report and the implementation papers that followed.",4,published Foreign Relations memorandum,https://history.state.gov/historicaldocuments/frus1961-63v08/d99,shared_sources/source_gap_hunt/Memorandum From the Interagency Committee on Police Assistance Programs to President Kenne.extracted.txt,the U.S. police assistance programs form a very important but neglected part of our intensified effort to help emerging nations counter subversion and insurgency,DIRECT,PRIMARY_OR_OFFICIAL_RECORD,CURRENT_PART,NO,NO,Exact excerpt copied from local extracted source.
CLM-USAIDCIA-P01-011,USAID-CIA-P01,The committee described police assistance as preventive medicine before dissidence reached major proportions.,DOCUMENTED_FACT,QUOTATION,THE ARCHITECTURE TAKES SHAPE,"This was administrative reform, certainly. It was also strategy. The proposed academy was supposed to coordinate training with U.S. internal-defense objectives, while the police programs were to receive protection from competition with ordinary economic projects.",4,published Foreign Relations memorandum,https://history.state.gov/historicaldocuments/frus1961-63v08/d99,shared_sources/source_gap_hunt/Memorandum From the Interagency Committee on Police Assistance Programs to President Kenne.extracted.txt,"Such programs are particularly helpful as “preventive medicine”, since the police are normally responsible for coping with urban and rural dissidence before it reaches major proportions",DIRECT,PRIMARY_OR_OFFICIAL_RECORD,CURRENT_PART,NO,NO,Exact excerpt copied from local extracted source.
CLM-USAIDCIA-P01-012,USAID-CIA-P01,The committee reported that FY1958 AID police programs in 21 countries cost about $14 million.,DOCUMENTED_FACT,MONEY,THE ARCHITECTURE TAKES SHAPE,"AID would also create professional capacity that the scattered programs lacked. The committee called for better recruitment and training of American police advisers, more systematic evaluations, faster delivery of equipment and a government-managed international police academy.",4,published Foreign Relations memorandum,https://history.state.gov/historicaldocuments/frus1961-63v08/d99,shared_sources/source_gap_hunt/Memorandum From the Interagency Committee on Police Assistance Programs to President Kenne.extracted.txt,"in the peak year of FY 1958 the cost of AID programs in 21 countries, involving 690,000 police, totaled only about $14,000,000",DIRECT,PRIMARY_OR_OFFICIAL_RECORD,CURRENT_PART,NO,NO,Exact excerpt copied from local extracted source.
CLM-USAIDCIA-P01-013,USAID-CIA-P01,The committee reported that FY1958 Defense police programs cost $5.8 million in five countries.,DOCUMENTED_FACT,MONEY,THE ARCHITECTURE TAKES SHAPE,"The secretary of State would provide general policy guidance on internal-defense matters. AID's administrator, already the coordinator of American aid programs, would provide vigorous leadership across police-assistance programs. The Defense Department would retain programs selected for military handling. An interagency police group would help coordinate the system.",4,published Foreign Relations memorandum,https://history.state.gov/historicaldocuments/frus1961-63v08/d99,shared_sources/source_gap_hunt/Memorandum From the Interagency Committee on Police Assistance Programs to President Kenne.extracted.txt,"In that year, DOD programs ran $5,800,000 in 5 countries",DIRECT,PRIMARY_OR_OFFICIAL_RECORD,CURRENT_PART,NO,NO,Exact excerpt copied from local extracted source.
CLM-USAIDCIA-P01-014,USAID-CIA-P01,The committee recommended substantially increasing the global police-assistance program.,DOCUMENTED_FACT,FUNDING_ROLE,THE ARCHITECTURE TAKES SHAPE,"This was administrative reform, certainly. It was also strategy. The proposed academy was supposed to coordinate training with U.S. internal-defense objectives, while the police programs were to receive protection from competition with ordinary economic projects.",4,published Foreign Relations memorandum,https://history.state.gov/historicaldocuments/frus1961-63v08/d99,shared_sources/source_gap_hunt/Memorandum From the Interagency Committee on Police Assistance Programs to President Kenne.extracted.txt,"AID should envisage very substantial increases in the global level of the FY 1963 program, with further increases in subsequent years where there is a demonstrated need",DIRECT,PRIMARY_OR_OFFICIAL_RECORD,CURRENT_PART,NO,NO,Exact excerpt copied from local extracted source.
CLM-USAIDCIA-P01-015,USAID-CIA-P01,The committee recommended that AID coordinate and lead all police-assistance programs under State policy guidance.,DOCUMENTED_FACT,AGENCY_BOUNDARY,THE ARCHITECTURE TAKES SHAPE,"The secretary of State would provide general policy guidance on internal-defense matters. AID's administrator, already the coordinator of American aid programs, would provide vigorous leadership across police-assistance programs. The Defense Department would retain programs selected for military handling. An interagency police group would help coordinate the system.",4,published Foreign Relations memorandum,https://history.state.gov/historicaldocuments/frus1961-63v08/d99,shared_sources/source_gap_hunt/Memorandum From the Interagency Committee on Police Assistance Programs to President Kenne.extracted.txt,"subject to the general policy guidance of the Department of State in internal defense matters, the Administrator of AID be charged, in his capacity as coordinator of U.S. aid programs, with responsibility for coordination and vigorous leadership of all police assistance programs",DIRECT,PRIMARY_OR_OFFICIAL_RECORD,CURRENT_PART,NO,NO,Exact excerpt copied from local extracted source.
CLM-USAIDCIA-P01-016,USAID-CIA-P01,The committee assigned AID operating and funding responsibility except for covert aspects and selected Defense programs.,DOCUMENTED_FACT,COVERT_CARVEOUT,THE ORDER WITH THE EXCEPTION,"The third paragraph charged AID's administrator with coordination and vigorous leadership. The fourth went further: AID received operating and funding responsibility for the programs, apart from those assigned to Defense—and apart from their covert aspects.",4,published Foreign Relations memorandum,https://history.state.gov/historicaldocuments/frus1961-63v08/d99,shared_sources/source_gap_hunt/Memorandum From the Interagency Committee on Police Assistance Programs to President Kenne.extracted.txt,"That AID be charged with operating and funding responsibility for all such programs, except for their covert aspects and for those programs which the Administrator of AID decides should be carried out by the Department of Defense",DIRECT,PRIMARY_OR_OFFICIAL_RECORD,CURRENT_PART,NO,NO,Exact excerpt copied from local extracted source.
CLM-USAIDCIA-P01-017,USAID-CIA-P01,The committee recommended a dedicated AID police office.,DOCUMENTED_FACT,INSTITUTIONAL_CHANGE,WHAT THE NEW OFFICE WAS BUILT TO DO,The institutional design is easiest to see in paragraph five. AID was ordered to establish an office specifically charged with police matters.,4,published Foreign Relations memorandum,https://history.state.gov/historicaldocuments/frus1961-63v08/d99,shared_sources/source_gap_hunt/Memorandum From the Interagency Committee on Police Assistance Programs to President Kenne.extracted.txt,"That to carry out its responsibilities, AID establish an office specifically charged with police matters, staffed with sufficient qualified personnel to: (a) provide centralized professional and technical planning guidance to the country teams, police missions and State and AID regional bureaus; (b) provide professional and technical guidance and professional and technical supervision in implementing programs; (c) establish and supervise training requirements for U.S. police technicians, and standards of evaluating professional competence; (d) to conduct surveys and program evaluations; (e) to provide an essential repository of technical knowledge based on research in the latest techniques of controlling subversion and mass violence; that AID appoint a senior professional to head this office, responsible to the Special Assistant-Internal Defense with direct access to the Deputy Administrator; that while line responsibility for AID police programs remains with each regional AID bureau, sufficient professional personnel should be assigned to the new Office to provide the centralized staff support outlined above",DIRECT,PRIMARY_OR_OFFICIAL_RECORD,CURRENT_PART,NO,NO,Exact excerpt copied from local extracted source.
CLM-USAIDCIA-P01-018,USAID-CIA-P01,The proposed police office would research techniques for controlling subversion and mass violence.,DOCUMENTED_FACT,DOCUMENT_LANGUAGE,WHAT THE NEW OFFICE WAS BUILT TO DO,One duty stands out. The office was to become an essential repository of technical knowledge based on research into the latest techniques for controlling subversion and mass violence.,4,published Foreign Relations memorandum,https://history.state.gov/historicaldocuments/frus1961-63v08/d99,shared_sources/source_gap_hunt/Memorandum From the Interagency Committee on Police Assistance Programs to President Kenne.extracted.txt,provide an essential repository of technical knowledge based on research in the latest techniques of controlling subversion and mass violence,DIRECT,PRIMARY_OR_OFFICIAL_RECORD,CURRENT_PART,NO,NO,Exact excerpt copied from local extracted source.
CLM-USAIDCIA-P01-019,USAID-CIA-P01,The committee recommended an international police academy under government management.,DOCUMENTED_FACT,PROGRAM_NAME,WHAT THE NEW OFFICE WAS BUILT TO DO,"The memorandum also ordered AID to study an international police academy under government management. The academy would tighten U.S. control over training and connect it more closely to internal-defense objectives. AID was told to protect police funding, possibly through an “internal defense” budget line or military-assistance funding while leaving the program inside AID.",4,published Foreign Relations memorandum,https://history.state.gov/historicaldocuments/frus1961-63v08/d99,shared_sources/source_gap_hunt/Memorandum From the Interagency Committee on Police Assistance Programs to President Kenne.extracted.txt,early establishment of an international police academy under Government management to coordinate training more closely with U.S. internal defense objectives and tighten U.S. Government control over all training to improve its quality and insure its responsiveness to need,DIRECT,PRIMARY_OR_OFFICIAL_RECORD,CURRENT_PART,NO,NO,Exact excerpt copied from local extracted source.
CLM-USAIDCIA-P01-020,USAID-CIA-P01,The proposed academy was meant to align training more closely with U.S. internal-defense objectives.,DOCUMENTED_FACT,POLICY_OBJECTIVE,WHAT THE NEW OFFICE WAS BUILT TO DO,"The memorandum also ordered AID to study an international police academy under government management. The academy would tighten U.S. control over training and connect it more closely to internal-defense objectives. AID was told to protect police funding, possibly through an “internal defense” budget line or military-assistance funding while leaving the program inside AID.",4,published Foreign Relations memorandum,https://history.state.gov/historicaldocuments/frus1961-63v08/d99,shared_sources/source_gap_hunt/Memorandum From the Interagency Committee on Police Assistance Programs to President Kenne.extracted.txt,coordinate training more closely with U.S. internal defense objectives and tighten U.S. Government control over all training to improve its quality and insure its responsiveness to need,DIRECT,PRIMARY_OR_OFFICIAL_RECORD,CURRENT_PART,NO,NO,Exact excerpt copied from local extracted source.
CLM-USAIDCIA-P01-021,USAID-CIA-P01,The committee proposed protecting police funds from competition with economic-development projects.,DOCUMENTED_FACT,BUREAUCRATIC_BOUNDARY,WHAT THE NEW OFFICE WAS BUILT TO DO,"The memorandum also ordered AID to study an international police academy under government management. The academy would tighten U.S. control over training and connect it more closely to internal-defense objectives. AID was told to protect police funding, possibly through an “internal defense” budget line or military-assistance funding while leaving the program inside AID.",4,published Foreign Relations memorandum,https://history.state.gov/historicaldocuments/frus1961-63v08/d99,shared_sources/source_gap_hunt/Memorandum From the Interagency Committee on Police Assistance Programs to President Kenne.extracted.txt,"That, to protect police programs, with their primarily internal defense rationale, from suffering as marginal competitors with primarily economic development projects, AID and the Bureau of the Budget should develop some means of providing the necessary degree of funding autonomy, such as creating a new AID line item for “internal defense” in the FY 1964 budget or funding through the Military Assistance Program though keeping the program in AID",DIRECT,PRIMARY_OR_OFFICIAL_RECORD,CURRENT_PART,NO,NO,Exact excerpt copied from local extracted source.
CLM-USAIDCIA-P01-022,USAID-CIA-P01,One proposed funding option was an AID internal-defense budget line for FY1964.,DOCUMENTED_FACT,MONEY,WHAT THE NEW OFFICE WAS BUILT TO DO,,4,published Foreign Relations memorandum,https://history.state.gov/historicaldocuments/frus1961-63v08/d99,shared_sources/source_gap_hunt/Memorandum From the Interagency Committee on Police Assistance Programs to President Kenne.extracted.txt,creating a new AID line item for “internal defense” in the FY 1964 budget or funding through the Military Assistance Program though keeping the program in AID,DIRECT,PRIMARY_OR_OFFICIAL_RECORD,CURRENT_PART,NO,NO,Exact excerpt copied from local extracted source.
CLM-USAIDCIA-P01-023,USAID-CIA-P01,"The committee required AID to report implementation progress by December 1, 1962.",DOCUMENTED_FACT,TIMELINE,FROM PAPER TO OFFICE IN TWELVE WEEKS,"A progress report dated December 1, 1962 recorded that U.S. missions had been told to reassess police requirements under the new criteria. It then reported that, through an internal budget review, AID had virtually doubled the funds reserved for police assistance programs.",4,published Foreign Relations memorandum,https://history.state.gov/historicaldocuments/frus1961-63v08/d99,shared_sources/source_gap_hunt/Memorandum From the Interagency Committee on Police Assistance Programs to President Kenne.extracted.txt,report to you no later than 1 December 1962 on progress made; that this report include his revised FY 1963 and proposed FY 1964 program level,DIRECT,PRIMARY_OR_OFFICIAL_RECORD,CURRENT_PART,NO,NO,Exact excerpt copied from local extracted source.
CLM-USAIDCIA-P01-024,USAID-CIA-P01,"The July committee included representatives from AID, Defense, CIA, Justice, the White House and State.",DOCUMENTED_FACT,CONNECTION,THE ARCHITECTURE TAKES SHAPE,"The secretary of State would provide general policy guidance on internal-defense matters. AID's administrator, already the coordinator of American aid programs, would provide vigorous leadership across police-assistance programs. The Defense Department would retain programs selected for military handling. An interagency police group would help coordinate the system.",4,published Foreign Relations memorandum,https://history.state.gov/historicaldocuments/frus1961-63v08/d99,shared_sources/source_gap_hunt/Memorandum From the Interagency Committee on Police Assistance Programs to President Kenne.extracted.txt,"FC4 AID Member Henry Rowen DOD Member [name not declassified] CIA Member Robert Amory, Jr. BOB Member Courtney Evans Justice Member RW Komer WH Staff Member U. Alexis Johnson Chairman and State Member",DIRECT,PRIMARY_OR_OFFICIAL_RECORD,CURRENT_PART,NO,NO,Exact excerpt copied from local extracted source.
