content_id,article_id,platform,base_url,utm_source,utm_medium,utm_campaign,utm_content,final_url
WRR-USAIDCIA-P01-TT-SHORT-001,USAID-CIA-P01,tiktok,https://thewhiterabbitreport.substack.com/,tiktok,video,usaid_cia_2026,WRR-USAIDCIA-P01-TT-SHORT-001,https://thewhiterabbitreport.substack.com/?utm_source=tiktok&utm_medium=video&utm_campaign=usaid_cia_2026&utm_content=WRR-USAIDCIA-P01-TT-SHORT-001
WRR-USAIDCIA-P01-TT-SHORT-002,USAID-CIA-P01,tiktok,https://thewhiterabbitreport.substack.com/,tiktok,video,usaid_cia_2026,WRR-USAIDCIA-P01-TT-SHORT-002,https://thewhiterabbitreport.substack.com/?utm_source=tiktok&utm_medium=video&utm_campaign=usaid_cia_2026&utm_content=WRR-USAIDCIA-P01-TT-SHORT-002
WRR-USAIDCIA-P01-TT-SHORT-003,USAID-CIA-P01,tiktok,https://thewhiterabbitreport.substack.com/,tiktok,video,usaid_cia_2026,WRR-USAIDCIA-P01-TT-SHORT-003,https://thewhiterabbitreport.substack.com/?utm_source=tiktok&utm_medium=video&utm_campaign=usaid_cia_2026&utm_content=WRR-USAIDCIA-P01-TT-SHORT-003
WRR-USAIDCIA-P01-TT-MEDIUM-001,USAID-CIA-P01,tiktok,https://thewhiterabbitreport.substack.com/,tiktok,video,usaid_cia_2026,WRR-USAIDCIA-P01-TT-MEDIUM-001,https://thewhiterabbitreport.substack.com/?utm_source=tiktok&utm_medium=video&utm_campaign=usaid_cia_2026&utm_content=WRR-USAIDCIA-P01-TT-MEDIUM-001
WRR-USAIDCIA-P01-TT-MEDIUM-002,USAID-CIA-P01,tiktok,https://thewhiterabbitreport.substack.com/,tiktok,video,usaid_cia_2026,WRR-USAIDCIA-P01-TT-MEDIUM-002,https://thewhiterabbitreport.substack.com/?utm_source=tiktok&utm_medium=video&utm_campaign=usaid_cia_2026&utm_content=WRR-USAIDCIA-P01-TT-MEDIUM-002
WRR-USAIDCIA-P01-TT-LONGSHORT-001,USAID-CIA-P01,tiktok,https://thewhiterabbitreport.substack.com/,tiktok,video,usaid_cia_2026,WRR-USAIDCIA-P01-TT-LONGSHORT-001,https://thewhiterabbitreport.substack.com/?utm_source=tiktok&utm_medium=video&utm_campaign=usaid_cia_2026&utm_content=WRR-USAIDCIA-P01-TT-LONGSHORT-001
WRR-USAIDCIA-P01-FB-PHOTO-001,USAID-CIA-P01,facebook,https://thewhiterabbitreport.substack.com/,facebook,social,usaid_cia_2026,WRR-USAIDCIA-P01-FB-PHOTO-001,https://thewhiterabbitreport.substack.com/?utm_source=facebook&utm_medium=social&utm_campaign=usaid_cia_2026&utm_content=WRR-USAIDCIA-P01-FB-PHOTO-001
WRR-USAIDCIA-P01-FB-PHOTO-002,USAID-CIA-P01,facebook,https://thewhiterabbitreport.substack.com/,facebook,social,usaid_cia_2026,WRR-USAIDCIA-P01-FB-PHOTO-002,https://thewhiterabbitreport.substack.com/?utm_source=facebook&utm_medium=social&utm_campaign=usaid_cia_2026&utm_content=WRR-USAIDCIA-P01-FB-PHOTO-002
WRR-USAIDCIA-P01-FB-PHOTO-003,USAID-CIA-P01,facebook,https://thewhiterabbitreport.substack.com/,facebook,social,usaid_cia_2026,WRR-USAIDCIA-P01-FB-PHOTO-003,https://thewhiterabbitreport.substack.com/?utm_source=facebook&utm_medium=social&utm_campaign=usaid_cia_2026&utm_content=WRR-USAIDCIA-P01-FB-PHOTO-003
WRR-USAIDCIA-P01-FB-REEL-001,USAID-CIA-P01,facebook,https://thewhiterabbitreport.substack.com/,facebook,social,usaid_cia_2026,WRR-USAIDCIA-P01-FB-REEL-001,https://thewhiterabbitreport.substack.com/?utm_source=facebook&utm_medium=social&utm_campaign=usaid_cia_2026&utm_content=WRR-USAIDCIA-P01-FB-REEL-001
WRR-USAIDCIA-P01-FB-REEL-002,USAID-CIA-P01,facebook,https://thewhiterabbitreport.substack.com/,facebook,social,usaid_cia_2026,WRR-USAIDCIA-P01-FB-REEL-002,https://thewhiterabbitreport.substack.com/?utm_source=facebook&utm_medium=social&utm_campaign=usaid_cia_2026&utm_content=WRR-USAIDCIA-P01-FB-REEL-002
WRR-USAIDCIA-P01-FB-LONG-001,USAID-CIA-P01,facebook,https://thewhiterabbitreport.substack.com/,facebook,social,usaid_cia_2026,WRR-USAIDCIA-P01-FB-LONG-001,https://thewhiterabbitreport.substack.com/?utm_source=facebook&utm_medium=social&utm_campaign=usaid_cia_2026&utm_content=WRR-USAIDCIA-P01-FB-LONG-001
WRR-USAIDCIA-P01-IG-REEL-001,USAID-CIA-P01,instagram,https://thewhiterabbitreport.substack.com/,instagram,social,usaid_cia_2026,WRR-USAIDCIA-P01-IG-REEL-001,https://thewhiterabbitreport.substack.com/?utm_source=instagram&utm_medium=social&utm_campaign=usaid_cia_2026&utm_content=WRR-USAIDCIA-P01-IG-REEL-001
WRR-USAIDCIA-P01-IG-REEL-002,USAID-CIA-P01,instagram,https://thewhiterabbitreport.substack.com/,instagram,social,usaid_cia_2026,WRR-USAIDCIA-P01-IG-REEL-002,https://thewhiterabbitreport.substack.com/?utm_source=instagram&utm_medium=social&utm_campaign=usaid_cia_2026&utm_content=WRR-USAIDCIA-P01-IG-REEL-002
WRR-USAIDCIA-P01-IG-REEL-003,USAID-CIA-P01,instagram,https://thewhiterabbitreport.substack.com/,instagram,social,usaid_cia_2026,WRR-USAIDCIA-P01-IG-REEL-003,https://thewhiterabbitreport.substack.com/?utm_source=instagram&utm_medium=social&utm_campaign=usaid_cia_2026&utm_content=WRR-USAIDCIA-P01-IG-REEL-003
WRR-USAIDCIA-P01-IG-CAROUSEL-001,USAID-CIA-P01,instagram,https://thewhiterabbitreport.substack.com/,instagram,social,usaid_cia_2026,WRR-USAIDCIA-P01-IG-CAROUSEL-001,https://thewhiterabbitreport.substack.com/?utm_source=instagram&utm_medium=social&utm_campaign=usaid_cia_2026&utm_content=WRR-USAIDCIA-P01-IG-CAROUSEL-001
WRR-USAIDCIA-P01-IG-IMAGE-001,USAID-CIA-P01,instagram,https://thewhiterabbitreport.substack.com/,instagram,social,usaid_cia_2026,WRR-USAIDCIA-P01-IG-IMAGE-001,https://thewhiterabbitreport.substack.com/?utm_source=instagram&utm_medium=social&utm_campaign=usaid_cia_2026&utm_content=WRR-USAIDCIA-P01-IG-IMAGE-001
WRR-USAIDCIA-P01-X-POST-001,USAID-CIA-P01,x,https://thewhiterabbitreport.substack.com/,x,social,usaid_cia_2026,WRR-USAIDCIA-P01-X-POST-001,https://thewhiterabbitreport.substack.com/?utm_source=x&utm_medium=social&utm_campaign=usaid_cia_2026&utm_content=WRR-USAIDCIA-P01-X-POST-001
WRR-USAIDCIA-P01-X-POST-002,USAID-CIA-P01,x,https://thewhiterabbitreport.substack.com/,x,social,usaid_cia_2026,WRR-USAIDCIA-P01-X-POST-002,https://thewhiterabbitreport.substack.com/?utm_source=x&utm_medium=social&utm_campaign=usaid_cia_2026&utm_content=WRR-USAIDCIA-P01-X-POST-002
WRR-USAIDCIA-P01-X-POST-003,USAID-CIA-P01,x,https://thewhiterabbitreport.substack.com/,x,social,usaid_cia_2026,WRR-USAIDCIA-P01-X-POST-003,https://thewhiterabbitreport.substack.com/?utm_source=x&utm_medium=social&utm_campaign=usaid_cia_2026&utm_content=WRR-USAIDCIA-P01-X-POST-003
WRR-USAIDCIA-P01-X-POST-004,USAID-CIA-P01,x,https://thewhiterabbitreport.substack.com/,x,social,usaid_cia_2026,WRR-USAIDCIA-P01-X-POST-004,https://thewhiterabbitreport.substack.com/?utm_source=x&utm_medium=social&utm_campaign=usaid_cia_2026&utm_content=WRR-USAIDCIA-P01-X-POST-004
WRR-USAIDCIA-P01-X-POST-005,USAID-CIA-P01,x,https://thewhiterabbitreport.substack.com/,x,social,usaid_cia_2026,WRR-USAIDCIA-P01-X-POST-005,https://thewhiterabbitreport.substack.com/?utm_source=x&utm_medium=social&utm_campaign=usaid_cia_2026&utm_content=WRR-USAIDCIA-P01-X-POST-005
WRR-USAIDCIA-P01-X-THREAD-001,USAID-CIA-P01,x,https://thewhiterabbitreport.substack.com/,x,social,usaid_cia_2026,WRR-USAIDCIA-P01-X-THREAD-001,https://thewhiterabbitreport.substack.com/?utm_source=x&utm_medium=social&utm_campaign=usaid_cia_2026&utm_content=WRR-USAIDCIA-P01-X-THREAD-001
WRR-USAIDCIA-P01-X-IMAGE-001,USAID-CIA-P01,x,https://thewhiterabbitreport.substack.com/,x,social,usaid_cia_2026,WRR-USAIDCIA-P01-X-IMAGE-001,https://thewhiterabbitreport.substack.com/?utm_source=x&utm_medium=social&utm_campaign=usaid_cia_2026&utm_content=WRR-USAIDCIA-P01-X-IMAGE-001
WRR-USAIDCIA-P01-X-IMAGE-002,USAID-CIA-P01,x,https://thewhiterabbitreport.substack.com/,x,social,usaid_cia_2026,WRR-USAIDCIA-P01-X-IMAGE-002,https://thewhiterabbitreport.substack.com/?utm_source=x&utm_medium=social&utm_campaign=usaid_cia_2026&utm_content=WRR-USAIDCIA-P01-X-IMAGE-002
WRR-USAIDCIA-P01-X-IMAGE-003,USAID-CIA-P01,x,https://thewhiterabbitreport.substack.com/,x,social,usaid_cia_2026,WRR-USAIDCIA-P01-X-IMAGE-003,https://thewhiterabbitreport.substack.com/?utm_source=x&utm_medium=social&utm_campaign=usaid_cia_2026&utm_content=WRR-USAIDCIA-P01-X-IMAGE-003
WRR-USAIDCIA-P01-SUB-NOTE-001,USAID-CIA-P01,substack,https://thewhiterabbitreport.substack.com/,substack,note,usaid_cia_2026,WRR-USAIDCIA-P01-SUB-NOTE-001,https://thewhiterabbitreport.substack.com/?utm_source=substack&utm_medium=note&utm_campaign=usaid_cia_2026&utm_content=WRR-USAIDCIA-P01-SUB-NOTE-001
WRR-USAIDCIA-P01-SUB-NOTE-002,USAID-CIA-P01,substack,https://thewhiterabbitreport.substack.com/,substack,note,usaid_cia_2026,WRR-USAIDCIA-P01-SUB-NOTE-002,https://thewhiterabbitreport.substack.com/?utm_source=substack&utm_medium=note&utm_campaign=usaid_cia_2026&utm_content=WRR-USAIDCIA-P01-SUB-NOTE-002
WRR-USAIDCIA-P01-SUB-NOTE-003,USAID-CIA-P01,substack,https://thewhiterabbitreport.substack.com/,substack,note,usaid_cia_2026,WRR-USAIDCIA-P01-SUB-NOTE-003,https://thewhiterabbitreport.substack.com/?utm_source=substack&utm_medium=note&utm_campaign=usaid_cia_2026&utm_content=WRR-USAIDCIA-P01-SUB-NOTE-003
WRR-USAIDCIA-P01-SUB-NOTE-004,USAID-CIA-P01,substack,https://thewhiterabbitreport.substack.com/,substack,note,usaid_cia_2026,WRR-USAIDCIA-P01-SUB-NOTE-004,https://thewhiterabbitreport.substack.com/?utm_source=substack&utm_medium=note&utm_campaign=usaid_cia_2026&utm_content=WRR-USAIDCIA-P01-SUB-NOTE-004
WRR-USAIDCIA-P01-YT-SHORT-001,USAID-CIA-P01,youtube,https://thewhiterabbitreport.substack.com/,youtube,video,usaid_cia_2026,WRR-USAIDCIA-P01-YT-SHORT-001,https://thewhiterabbitreport.substack.com/?utm_source=youtube&utm_medium=video&utm_campaign=usaid_cia_2026&utm_content=WRR-USAIDCIA-P01-YT-SHORT-001
WRR-USAIDCIA-P01-YT-SHORT-002,USAID-CIA-P01,youtube,https://thewhiterabbitreport.substack.com/,youtube,video,usaid_cia_2026,WRR-USAIDCIA-P01-YT-SHORT-002,https://thewhiterabbitreport.substack.com/?utm_source=youtube&utm_medium=video&utm_campaign=usaid_cia_2026&utm_content=WRR-USAIDCIA-P01-YT-SHORT-002
WRR-USAIDCIA-P01-YT-SHORT-003,USAID-CIA-P01,youtube,https://thewhiterabbitreport.substack.com/,youtube,video,usaid_cia_2026,WRR-USAIDCIA-P01-YT-SHORT-003,https://thewhiterabbitreport.substack.com/?utm_source=youtube&utm_medium=video&utm_campaign=usaid_cia_2026&utm_content=WRR-USAIDCIA-P01-YT-SHORT-003
WRR-USAIDCIA-P01-RD-POST-001,USAID-CIA-P01,reddit,https://thewhiterabbitreport.substack.com/,reddit,community,usaid_cia_2026,WRR-USAIDCIA-P01-RD-POST-001,https://thewhiterabbitreport.substack.com/?utm_source=reddit&utm_medium=community&utm_campaign=usaid_cia_2026&utm_content=WRR-USAIDCIA-P01-RD-POST-001
WRR-USAIDCIA-P01-REF-CTA-001,USAID-CIA-P01,referral,https://thewhiterabbitreport.substack.com/,referral,social,usaid_cia_2026,WRR-USAIDCIA-P01-REF-CTA-001,https://thewhiterabbitreport.substack.com/?utm_source=referral&utm_medium=social&utm_campaign=usaid_cia_2026&utm_content=WRR-USAIDCIA-P01-REF-CTA-001
WRR-USAIDCIA-P01-REF-CTA-002,USAID-CIA-P01,referral,https://thewhiterabbitreport.substack.com/,referral,social,usaid_cia_2026,WRR-USAIDCIA-P01-REF-CTA-002,https://thewhiterabbitreport.substack.com/?utm_source=referral&utm_medium=social&utm_campaign=usaid_cia_2026&utm_content=WRR-USAIDCIA-P01-REF-CTA-002
WRR-USAIDCIA-P01-REF-CTA-003,USAID-CIA-P01,referral,https://thewhiterabbitreport.substack.com/,referral,social,usaid_cia_2026,WRR-USAIDCIA-P01-REF-CTA-003,https://thewhiterabbitreport.substack.com/?utm_source=referral&utm_medium=social&utm_campaign=usaid_cia_2026&utm_content=WRR-USAIDCIA-P01-REF-CTA-003
WRR-USAIDCIA-P01-PAID-CTA-001,USAID-CIA-P01,paid,https://thewhiterabbitreport.substack.com/,paid,social,usaid_cia_2026,WRR-USAIDCIA-P01-PAID-CTA-001,https://thewhiterabbitreport.substack.com/?utm_source=paid&utm_medium=social&utm_campaign=usaid_cia_2026&utm_content=WRR-USAIDCIA-P01-PAID-CTA-001
WRR-USAIDCIA-P01-PAID-CTA-002,USAID-CIA-P01,paid,https://thewhiterabbitreport.substack.com/,paid,social,usaid_cia_2026,WRR-USAIDCIA-P01-PAID-CTA-002,https://thewhiterabbitreport.substack.com/?utm_source=paid&utm_medium=social&utm_campaign=usaid_cia_2026&utm_content=WRR-USAIDCIA-P01-PAID-CTA-002
WRR-USAIDCIA-P01-PAID-CTA-003,USAID-CIA-P01,paid,https://thewhiterabbitreport.substack.com/,paid,social,usaid_cia_2026,WRR-USAIDCIA-P01-PAID-CTA-003,https://thewhiterabbitreport.substack.com/?utm_source=paid&utm_medium=social&utm_campaign=usaid_cia_2026&utm_content=WRR-USAIDCIA-P01-PAID-CTA-003
WRR-USAIDCIA-P01-SERIES-TEASER-001,USAID-CIA-P01,series,https://thewhiterabbitreport.substack.com/,substack,note,usaid_cia_2026,WRR-USAIDCIA-P01-SERIES-TEASER-001,https://thewhiterabbitreport.substack.com/?utm_source=substack&utm_medium=note&utm_campaign=usaid_cia_2026&utm_content=WRR-USAIDCIA-P01-SERIES-TEASER-001
WRR-USAIDCIA-P01-SERIES-TEASER-002,USAID-CIA-P01,series,https://thewhiterabbitreport.substack.com/,substack,note,usaid_cia_2026,WRR-USAIDCIA-P01-SERIES-TEASER-002,https://thewhiterabbitreport.substack.com/?utm_source=substack&utm_medium=note&utm_campaign=usaid_cia_2026&utm_content=WRR-USAIDCIA-P01-SERIES-TEASER-002
WRR-USAIDCIA-P01-SERIES-TEASER-003,USAID-CIA-P01,series,https://thewhiterabbitreport.substack.com/,substack,note,usaid_cia_2026,WRR-USAIDCIA-P01-SERIES-TEASER-003,https://thewhiterabbitreport.substack.com/?utm_source=substack&utm_medium=note&utm_campaign=usaid_cia_2026&utm_content=WRR-USAIDCIA-P01-SERIES-TEASER-003
